-- MySQL dump 10.13  Distrib 8.4.8, for Linux (x86_64)
--
-- Host: localhost    Database: trabunda_prod
-- ------------------------------------------------------
-- Server version	8.4.8

/*!40101 SET @OLD_CHARACTER_SET_CLIENT=@@CHARACTER_SET_CLIENT */;
/*!40101 SET @OLD_CHARACTER_SET_RESULTS=@@CHARACTER_SET_RESULTS */;
/*!40101 SET @OLD_COLLATION_CONNECTION=@@COLLATION_CONNECTION */;
/*!50503 SET NAMES utf8mb4 */;
/*!40103 SET @OLD_TIME_ZONE=@@TIME_ZONE */;
/*!40103 SET TIME_ZONE='+00:00' */;
/*!40014 SET @OLD_UNIQUE_CHECKS=@@UNIQUE_CHECKS, UNIQUE_CHECKS=0 */;
/*!40014 SET @OLD_FOREIGN_KEY_CHECKS=@@FOREIGN_KEY_CHECKS, FOREIGN_KEY_CHECKS=0 */;
/*!40101 SET @OLD_SQL_MODE=@@SQL_MODE, SQL_MODE='NO_AUTO_VALUE_ON_ZERO' */;
/*!40111 SET @OLD_SQL_NOTES=@@SQL_NOTES, SQL_NOTES=0 */;

--
-- Table structure for table `areas`
--

DROP TABLE IF EXISTS `areas`;
/*!40101 SET @saved_cs_client     = @@character_set_client */;
/*!50503 SET character_set_client = utf8mb4 */;
CREATE TABLE `areas` (
  `id` int NOT NULL AUTO_INCREMENT,
  `nombre` varchar(100) CHARACTER SET utf8mb4 COLLATE utf8mb4_unicode_ci NOT NULL,
  `es_apoyo_horas` tinyint(1) DEFAULT '0',
  `es_conteo_rapido` tinyint(1) DEFAULT '0',
  `es_trabajo_avance` tinyint(1) DEFAULT '0',
  `activo` tinyint(1) DEFAULT '1',
  `creado_en` timestamp NULL DEFAULT CURRENT_TIMESTAMP,
  PRIMARY KEY (`id`),
  KEY `idx_areas_modulos` (`es_apoyo_horas`,`es_conteo_rapido`,`es_trabajo_avance`,`nombre`)
) ENGINE=InnoDB AUTO_INCREMENT=519 DEFAULT CHARSET=utf8mb4 COLLATE=utf8mb4_unicode_ci;
/*!40101 SET character_set_client = @saved_cs_client */;

--
-- Dumping data for table `areas`
--

LOCK TABLES `areas` WRITE;
/*!40000 ALTER TABLE `areas` DISABLE KEYS */;
INSERT INTO `areas` VALUES (433,'RECEPCION',0,1,1,1,'2026-02-18 19:45:51'),(434,'FILTEROS',0,1,1,1,'2026-02-18 19:45:51'),(435,'APOYO FILETEROS',0,1,0,1,'2026-02-18 19:45:51'),(436,'LAVADO DE PICOS',0,1,0,1,'2026-02-18 19:45:51'),(437,'FILTRO DE PICOS',0,1,0,1,'2026-02-18 19:45:51'),(438,'LAVADORES DE FILETE',0,1,0,1,'2026-02-18 19:45:51'),(439,'CORTADOR DE REJOS',0,1,0,1,'2026-02-18 19:45:51'),(440,'PESADORES DE LAVADO',0,1,0,1,'2026-02-18 19:45:51'),(441,'LAVADORES DE NUCA',0,1,0,1,'2026-02-18 19:45:51'),(442,'PESADOR DE NUCAS',0,1,0,1,'2026-02-18 19:45:51'),(443,'CLASIFICADO DE FILETE',0,1,0,1,'2026-02-18 19:45:51'),(444,'APOYOS DE LAVADO',0,1,0,1,'2026-02-18 19:45:51'),(445,'PESADOR DE NUCAS',0,1,0,1,'2026-02-18 19:45:51'),(446,'ROTULADORES',0,1,0,1,'2026-02-18 19:45:51'),(447,'MAQUINAS PELADORAS',0,1,0,1,'2026-02-18 19:45:51'),(448,'MAQUINAS LAMINADORAS',0,1,0,1,'2026-02-18 19:45:51'),(449,'MAQUINAS ORUGAS',0,1,0,1,'2026-02-18 19:45:51'),(450,'CONTROL DE ORUGAS',0,1,0,1,'2026-02-18 19:45:51'),(451,'CORTADOR DE ANILLAS',0,1,0,1,'2026-02-18 19:45:51'),(452,'CLASIFICADORA DE ANILLAS',0,1,0,1,'2026-02-18 19:45:51'),(453,'APOYO ANILLAS',0,1,0,1,'2026-02-18 19:45:51'),(454,'PESADOR DE ANILLAS',0,1,0,1,'2026-02-18 19:45:51'),(455,'COCINERO',0,1,0,1,'2026-02-18 19:45:51'),(456,'HIELERO',0,1,0,1,'2026-02-18 19:45:51'),(457,'OPERADOR DE TRATAMIENTO',0,1,0,1,'2026-02-18 19:45:51'),(458,'APOYO DE TRATAMIENTO',0,1,0,1,'2026-02-18 19:45:51'),(459,'ENVASADO',0,1,0,1,'2026-02-18 19:45:51'),(460,'CONTROL DE ENVASADO',0,1,0,1,'2026-02-18 19:45:51'),(461,'EMPAQUE BLOCK',0,1,0,1,'2026-02-18 19:45:51'),(462,'CONTROLADORES DE PLACAS',0,1,0,1,'2026-02-18 19:45:51'),(463,'CONTROLADORES DE PESOS EMPAQUE',0,1,0,1,'2026-02-18 19:45:51'),(464,'CORTE DE RODAJA MANUAL',0,1,0,1,'2026-02-18 19:45:51'),(465,'APOYO DE CORTE DE RODAJAS',0,1,0,1,'2026-02-18 19:45:51'),(466,'PESADOR DE RODAJAS CORTE MANUAL',0,1,0,1,'2026-02-18 19:45:51'),(467,'IQF 1',0,1,0,1,'2026-02-18 19:45:51'),(468,'IQF 2',0,1,0,1,'2026-02-18 19:45:51'),(469,'IQF 3',0,1,0,1,'2026-02-18 19:45:51'),(470,'IQF 4',0,1,0,1,'2026-02-18 19:45:51'),(471,'CORTE DE RODAJAS MAQUINA RABERA',0,1,0,1,'2026-02-18 19:45:51'),(472,'IQF 6(CORTE Y CONGELAMIENTO DE RODAJAS)',0,1,0,1,'2026-02-18 19:45:51'),(473,'IQF 5(CONGELAMIENTO REJO O REPRODUCTOR)',0,1,0,1,'2026-02-18 19:45:51'),(474,'GLASEADOR',0,1,0,1,'2026-02-18 19:45:51'),(475,'EMPAQUE IQF',0,1,0,1,'2026-02-18 19:45:51'),(476,'FILTROS MULTICABEZAL',0,1,0,1,'2026-02-18 19:45:51'),(477,'APOYO PRE CAMARA',0,1,0,1,'2026-02-18 19:45:51'),(478,'OPERADOR DE VIDEOJET',0,1,0,1,'2026-02-18 19:45:51'),(479,'ROTULADOR DE VIDEOJET',0,1,0,1,'2026-02-18 19:45:51'),(480,'APOYO VIDEOJET',0,1,0,1,'2026-02-18 19:45:51'),(481,'EMBARQUE',0,1,0,1,'2026-02-18 19:45:51'),(482,'ETIQUETADO',0,1,0,1,'2026-02-18 19:45:51'),(483,'DETECTOR DE METALES',0,1,0,1,'2026-02-18 19:45:51'),(484,'ALMACENAMIENTO',0,1,0,1,'2026-02-18 19:45:51'),(485,'APOYOS ALMACEN',0,1,0,1,'2026-02-18 19:45:51'),(486,'SANEAMIENTO',0,1,0,1,'2026-02-18 19:45:51'),(487,'LAVANDERIA',0,1,0,1,'2026-02-18 19:45:51'),(488,'JEFE DE TURNO',0,1,0,1,'2026-02-18 19:45:51'),(489,'SUPERVISORES',0,1,0,1,'2026-02-18 19:45:51'),(490,'ROTULADOR-ZONA PRIMARIA',1,0,0,1,'2026-02-19 20:42:00'),(491,'PESADORES-FILETE',1,0,0,1,'2026-02-19 20:42:00'),(492,'APOYO LAVADO',1,0,0,1,'2026-02-19 20:42:00'),(493,'PESADORES-NUCAS',1,0,0,1,'2026-02-19 20:42:00'),(494,'PESADORES-ANILLAS',1,0,0,1,'2026-02-19 20:42:00'),(495,'APOYO ANILLAS',1,0,0,1,'2026-02-19 20:42:00'),(496,'APOYO REVISADO ANILLAS',1,0,0,1,'2026-02-19 20:42:00'),(497,'CTRL-ORUGAS',1,0,0,1,'2026-02-19 20:42:00'),(498,'OPERADOR DE TRATAMIENTO',1,0,0,1,'2026-02-19 20:42:00'),(499,'APOYO TRATAMIENTO',1,0,0,1,'2026-02-19 20:42:00'),(500,'HIELERO',1,0,0,1,'2026-02-19 20:42:00'),(501,'DESCONGELAR PRODUCTO',1,0,0,1,'2026-02-19 20:42:00'),(502,'CTRL-ENVASADO BLOCK',1,0,0,1,'2026-02-19 20:42:00'),(503,'GLASEADOR',1,0,0,1,'2026-02-19 20:42:00'),(504,'APOYO ENVASADO TC(PALETEROS)',1,0,0,1,'2026-02-19 20:42:00'),(505,'APOYO RECIBIR PRODUCTO TC',1,0,0,1,'2026-02-19 20:42:00'),(506,'FILTRO MULTICABEZAL',1,0,0,1,'2026-02-19 20:42:00'),(507,'CTRL-PLACAS',1,0,0,1,'2026-02-19 20:42:00'),(508,'CTRL-PESOS',1,0,0,1,'2026-02-19 20:42:00'),(509,'CARGA DE PLACAS',1,0,0,1,'2026-02-19 20:42:00'),(510,'APOYO PRECAMARA NAVE III',1,0,0,1,'2026-02-19 20:42:00'),(511,'APOYO PRECAMARA NAVE I',1,0,0,1,'2026-02-19 20:42:00'),(512,'OPERADOR VIDEO JET',1,0,0,1,'2026-02-19 20:42:00'),(513,'APOYO VIDEO JET',1,0,0,1,'2026-02-19 20:42:00'),(514,'VIDEO JET- ROTULADORES',1,0,0,1,'2026-02-19 20:42:00'),(515,'LAVANDERIA',1,0,0,1,'2026-02-19 20:42:00'),(516,'APOYO GENERAL',1,0,0,1,'2026-02-19 20:42:00'),(517,'SUPERVISOR',1,0,0,1,'2026-02-19 20:42:00'),(518,'PLANILLERO',1,0,0,1,'2026-02-19 20:42:00');
/*!40000 ALTER TABLE `areas` ENABLE KEYS */;
UNLOCK TABLES;

--
-- Table structure for table `conteo_rapido_area_orden`
--

DROP TABLE IF EXISTS `conteo_rapido_area_orden`;
/*!40101 SET @saved_cs_client     = @@character_set_client */;
/*!50503 SET character_set_client = utf8mb4 */;
CREATE TABLE `conteo_rapido_area_orden` (
  `area_id` int NOT NULL,
  `orden` int NOT NULL,
  PRIMARY KEY (`area_id`),
  CONSTRAINT `fk_cr_area_orden_area` FOREIGN KEY (`area_id`) REFERENCES `areas` (`id`)
) ENGINE=InnoDB DEFAULT CHARSET=utf8mb4 COLLATE=utf8mb4_0900_ai_ci;
/*!40101 SET character_set_client = @saved_cs_client */;

--
-- Dumping data for table `conteo_rapido_area_orden`
--

LOCK TABLES `conteo_rapido_area_orden` WRITE;
/*!40000 ALTER TABLE `conteo_rapido_area_orden` DISABLE KEYS */;
/*!40000 ALTER TABLE `conteo_rapido_area_orden` ENABLE KEYS */;
UNLOCK TABLES;

--
-- Table structure for table `conteo_rapido_detalle`
--

DROP TABLE IF EXISTS `conteo_rapido_detalle`;
/*!40101 SET @saved_cs_client     = @@character_set_client */;
/*!50503 SET character_set_client = utf8mb4 */;
CREATE TABLE `conteo_rapido_detalle` (
  `id` int NOT NULL AUTO_INCREMENT,
  `reporte_id` int NOT NULL,
  `area_id` int NOT NULL,
  `cantidad` int NOT NULL DEFAULT '0',
  `creado_en` datetime NOT NULL DEFAULT CURRENT_TIMESTAMP,
  PRIMARY KEY (`id`),
  UNIQUE KEY `uk_reporte_area` (`reporte_id`,`area_id`),
  KEY `area_id` (`area_id`),
  CONSTRAINT `conteo_rapido_detalle_ibfk_1` FOREIGN KEY (`reporte_id`) REFERENCES `reportes` (`id`),
  CONSTRAINT `conteo_rapido_detalle_ibfk_2` FOREIGN KEY (`area_id`) REFERENCES `areas` (`id`)
) ENGINE=InnoDB AUTO_INCREMENT=253 DEFAULT CHARSET=utf8mb4 COLLATE=utf8mb4_unicode_ci;
/*!40101 SET character_set_client = @saved_cs_client */;

--
-- Dumping data for table `conteo_rapido_detalle`
--

LOCK TABLES `conteo_rapido_detalle` WRITE;
/*!40000 ALTER TABLE `conteo_rapido_detalle` DISABLE KEYS */;
INSERT INTO `conteo_rapido_detalle` VALUES (153,143,485,2,'2026-02-19 13:48:26'),(154,143,483,2,'2026-02-19 13:48:26'),(155,143,481,11,'2026-02-19 13:48:26'),(156,143,475,4,'2026-02-19 13:48:26'),(157,143,482,2,'2026-02-19 13:48:26'),(158,143,476,2,'2026-02-19 13:48:26'),(159,143,468,20,'2026-02-19 13:48:26'),(160,143,488,1,'2026-02-19 13:48:26'),(161,143,487,1,'2026-02-19 13:48:26'),(162,143,457,1,'2026-02-19 13:48:26'),(163,143,478,1,'2026-02-19 13:48:26'),(164,143,486,14,'2026-02-19 13:48:26'),(165,143,489,6,'2026-02-19 13:48:26'),(166,154,435,2,'2026-02-23 20:54:00'),(167,154,480,1,'2026-02-23 20:54:00'),(168,154,443,1,'2026-02-23 20:54:00'),(169,154,455,1,'2026-02-23 20:54:00'),(170,154,460,1,'2026-02-23 20:54:00'),(171,154,450,2,'2026-02-23 20:54:00'),(172,154,463,1,'2026-02-23 20:54:00'),(173,154,462,1,'2026-02-23 20:54:00'),(174,154,461,12,'2026-02-23 20:54:00'),(175,154,459,26,'2026-02-23 20:54:00'),(176,154,434,21,'2026-02-23 20:54:00'),(177,154,456,1,'2026-02-23 20:54:00'),(178,154,473,14,'2026-02-23 20:54:00'),(179,154,438,38,'2026-02-23 20:54:00'),(180,154,441,7,'2026-02-23 20:54:00'),(181,154,487,1,'2026-02-23 20:54:00'),(182,154,449,9,'2026-02-23 20:54:00'),(183,154,447,2,'2026-02-23 20:54:00'),(184,154,457,1,'2026-02-23 20:54:00'),(185,154,478,1,'2026-02-23 20:54:00'),(186,154,445,1,'2026-02-23 20:54:00'),(187,154,440,2,'2026-02-23 20:54:00'),(188,154,433,4,'2026-02-23 20:54:00'),(189,154,446,2,'2026-02-23 20:54:00'),(190,154,486,12,'2026-02-23 20:54:00'),(191,154,489,6,'2026-02-23 20:54:00'),(192,158,435,2,'2026-02-24 21:09:07'),(193,158,443,1,'2026-02-24 21:09:07'),(194,158,455,2,'2026-02-24 21:09:07'),(195,158,460,1,'2026-02-24 21:09:07'),(196,158,450,2,'2026-02-24 21:09:07'),(197,158,463,1,'2026-02-24 21:09:07'),(198,158,462,1,'2026-02-24 21:09:07'),(199,158,461,11,'2026-02-24 21:09:07'),(200,158,459,31,'2026-02-24 21:09:07'),(201,158,434,21,'2026-02-24 21:09:07'),(202,158,473,9,'2026-02-24 21:09:07'),(203,158,488,1,'2026-02-24 21:09:07'),(204,158,438,32,'2026-02-24 21:09:07'),(205,158,441,9,'2026-02-24 21:09:07'),(206,158,487,1,'2026-02-24 21:09:07'),(207,158,449,8,'2026-02-24 21:09:07'),(208,158,447,2,'2026-02-24 21:09:07'),(209,158,457,1,'2026-02-24 21:09:07'),(210,158,478,1,'2026-02-24 21:09:07'),(211,158,442,1,'2026-02-24 21:09:07'),(212,158,440,2,'2026-02-24 21:09:07'),(213,158,433,4,'2026-02-24 21:09:07'),(214,158,446,1,'2026-02-24 21:09:07'),(215,158,486,12,'2026-02-24 21:09:07'),(216,158,489,6,'2026-02-24 21:09:07'),(217,161,484,1,'2026-02-25 11:19:49'),(218,161,458,1,'2026-02-25 11:19:49'),(219,161,485,1,'2026-02-25 11:19:49'),(220,161,443,1,'2026-02-25 11:19:49'),(221,161,455,1,'2026-02-25 11:19:49'),(222,161,462,1,'2026-02-25 11:19:49'),(223,161,464,1,'2026-02-25 11:19:49'),(224,161,481,1,'2026-02-25 11:19:49'),(225,161,475,1,'2026-02-25 11:19:49'),(226,161,434,1,'2026-02-25 11:19:49'),(227,161,474,1,'2026-02-25 11:19:49'),(228,171,435,3,'2026-02-25 20:47:18'),(229,171,443,2,'2026-02-25 20:47:18'),(230,171,455,2,'2026-02-25 20:47:18'),(231,171,460,1,'2026-02-25 20:47:18'),(232,171,450,2,'2026-02-25 20:47:18'),(233,171,463,1,'2026-02-25 20:47:18'),(234,171,462,1,'2026-02-25 20:47:18'),(235,171,461,13,'2026-02-25 20:47:18'),(236,171,459,35,'2026-02-25 20:47:18'),(237,171,434,44,'2026-02-25 20:47:18'),(238,171,473,5,'2026-02-25 20:47:18'),(239,171,488,1,'2026-02-25 20:47:18'),(240,171,438,57,'2026-02-25 20:47:18'),(241,171,441,10,'2026-02-25 20:47:18'),(242,171,487,1,'2026-02-25 20:47:18'),(243,171,449,6,'2026-02-25 20:47:18'),(244,171,447,2,'2026-02-25 20:47:18'),(245,171,457,1,'2026-02-25 20:47:18'),(246,171,478,1,'2026-02-25 20:47:18'),(247,171,445,1,'2026-02-25 20:47:18'),(248,171,440,2,'2026-02-25 20:47:18'),(249,171,433,8,'2026-02-25 20:47:18'),(250,171,446,1,'2026-02-25 20:47:18'),(251,171,486,14,'2026-02-25 20:47:18'),(252,171,489,6,'2026-02-25 20:47:18');
/*!40000 ALTER TABLE `conteo_rapido_detalle` ENABLE KEYS */;
UNLOCK TABLES;

--
-- Table structure for table `cuadrillas`
--

DROP TABLE IF EXISTS `cuadrillas`;
/*!40101 SET @saved_cs_client     = @@character_set_client */;
/*!50503 SET character_set_client = utf8mb4 */;
CREATE TABLE `cuadrillas` (
  `id` int NOT NULL AUTO_INCREMENT,
  `reporte_id` int NOT NULL,
  `nombre` varchar(100) CHARACTER SET utf8mb4 COLLATE utf8mb4_unicode_ci NOT NULL,
  `area` varchar(100) CHARACTER SET utf8mb4 COLLATE utf8mb4_unicode_ci NOT NULL,
  `kilos` decimal(10,2) DEFAULT NULL,
  `hora_inicio` time DEFAULT NULL,
  `hora_fin` time DEFAULT NULL,
  PRIMARY KEY (`id`),
  KEY `idx_cuadrillas_reporte` (`reporte_id`),
  CONSTRAINT `cuadrillas_ibfk_1` FOREIGN KEY (`reporte_id`) REFERENCES `reportes` (`id`) ON DELETE CASCADE
) ENGINE=InnoDB DEFAULT CHARSET=utf8mb4 COLLATE=utf8mb4_unicode_ci;
/*!40101 SET character_set_client = @saved_cs_client */;

--
-- Dumping data for table `cuadrillas`
--

LOCK TABLES `cuadrillas` WRITE;
/*!40000 ALTER TABLE `cuadrillas` DISABLE KEYS */;
/*!40000 ALTER TABLE `cuadrillas` ENABLE KEYS */;
UNLOCK TABLES;

--
-- Table structure for table `lineas_reporte`
--

DROP TABLE IF EXISTS `lineas_reporte`;
/*!40101 SET @saved_cs_client     = @@character_set_client */;
/*!50503 SET character_set_client = utf8mb4 */;
CREATE TABLE `lineas_reporte` (
  `id` int NOT NULL AUTO_INCREMENT,
  `reporte_id` int NOT NULL,
  `trabajador_id` int DEFAULT NULL,
  `cuadrilla_id` int DEFAULT NULL,
  `area_id` int DEFAULT NULL,
  `area_nombre` varchar(126) CHARACTER SET utf8mb4 COLLATE utf8mb4_unicode_ci DEFAULT NULL,
  `trabajador_codigo` varchar(50) CHARACTER SET utf8mb4 COLLATE utf8mb4_unicode_ci NOT NULL,
  `trabajador_nombre` varchar(255) CHARACTER SET utf8mb4 COLLATE utf8mb4_unicode_ci NOT NULL,
  `trabajador_documento` varchar(20) CHARACTER SET utf8mb4 COLLATE utf8mb4_unicode_ci DEFAULT NULL,
  `horas` decimal(5,2) DEFAULT NULL,
  `hora_inicio` time DEFAULT NULL,
  `hora_fin` time DEFAULT NULL,
  `kilos` decimal(10,2) DEFAULT NULL,
  `labores` text CHARACTER SET utf8mb4 COLLATE utf8mb4_unicode_ci,
  PRIMARY KEY (`id`),
  KEY `cuadrilla_id` (`cuadrilla_id`),
  KEY `idx_lineas_reporte_reporte` (`reporte_id`),
  KEY `idx_lineas_reporte_reporte_trabajador_codigo` (`reporte_id`,`trabajador_codigo`),
  CONSTRAINT `lineas_reporte_ibfk_1` FOREIGN KEY (`reporte_id`) REFERENCES `reportes` (`id`) ON DELETE CASCADE,
  CONSTRAINT `lineas_reporte_ibfk_3` FOREIGN KEY (`cuadrilla_id`) REFERENCES `cuadrillas` (`id`) ON DELETE SET NULL
) ENGINE=InnoDB AUTO_INCREMENT=146 DEFAULT CHARSET=utf8mb4 COLLATE=utf8mb4_unicode_ci;
/*!40101 SET character_set_client = @saved_cs_client */;

--
-- Dumping data for table `lineas_reporte`
--

LOCK TABLES `lineas_reporte` WRITE;
/*!40000 ALTER TABLE `lineas_reporte` DISABLE KEYS */;
INSERT INTO `lineas_reporte` VALUES (86,146,29538,NULL,492,'APOYO LAVADO','29538','',NULL,2.30,'15:42:00','18:00:00',NULL,NULL),(87,147,12807,NULL,NULL,NULL,'12807','ARTEMIO CRUZ OCHOA','48750777',-11.63,'17:38:00','06:00:00',NULL,'limpieza de aros'),(88,149,17507,NULL,516,'APOYO GENERAL','17507','',NULL,3.17,'18:35:00','21:45:00',NULL,NULL),(89,150,29538,NULL,505,'APOYO RECIBIR PRODUCTO TC','29538','',NULL,6.63,'11:22:00','18:00:00',NULL,NULL),(90,151,28293,NULL,NULL,NULL,'28293','IVAN ALEXANDER NIMA MENDOZA','79136144',2.52,'15:29:00','18:00:00',NULL,'saneamienton'),(91,157,32000,NULL,NULL,NULL,'32000','JOSE YSRRAEL VEGA YNFANTE','41315372',-12.75,'18:45:00','06:00:00',NULL,'lavado de tablillas'),(92,157,32441,NULL,NULL,NULL,'32441','DIANA LISBETH QUISPE CHAVEZ','48450488',-12.77,'18:46:00','06:00:00',NULL,'lavado de materiales'),(93,157,2074,NULL,NULL,NULL,'02074','LUZ MARIA CHAVEZ SUAREZ','80498081',-12.78,'18:47:00','06:00:00',NULL,'pedilubio'),(94,157,30046,NULL,NULL,NULL,'30046','LUIS MORALES AGURTO','63076604',-12.78,'18:47:00','06:00:00',NULL,'reciduos'),(95,157,31392,NULL,NULL,NULL,'31392','MARCOS ANTHONY HUAMAN SOLANO','74777296',-12.80,'18:48:00','06:00:00',NULL,'lavado  de máquina  peladoras'),(96,157,12093,NULL,NULL,NULL,'12093','JESUS ALBERTO SOSA CHERO','03675785',-12.82,'18:49:00','06:00:00',NULL,'limpieza  nave 1'),(97,157,28989,NULL,NULL,NULL,'28989','SIGNI LOHANA FLORES VALDIVIEZO','76134332',-12.82,'18:49:00','06:00:00',NULL,'lavado  de ollas estaticas'),(98,157,34504,NULL,NULL,NULL,'34504','ROSA ELIZABETH ESPINOZA CRUZ','40628195',-12.83,'18:50:00','06:00:00',NULL,'envasado nave 2'),(99,160,34532,NULL,NULL,NULL,'34532','ANYELINA YOHANETH CORREA RIVERA','75445343',-4.97,'10:58:00','06:00:00',NULL,'tre'),(100,162,30562,NULL,499,'APOYO TRATAMIENTO','30562','',NULL,6.65,'11:21:00','18:00:00',NULL,NULL),(101,164,21637,NULL,NULL,NULL,'21637','LIDIA DEL ROSARIO ALEJOS SANJINEZ','03662928',2.15,'15:51:00','18:00:00',NULL,'dgeq'),(102,164,29189,NULL,NULL,NULL,'29189','CESAR AUGUSTO VASQUEZ REYES','03589731',-9.85,'15:51:00','06:00:00',NULL,'eetfd'),(103,165,29189,NULL,NULL,NULL,'29189','CESAR AUGUSTO VASQUEZ REYES','03589731',2.13,'15:52:00','18:00:00',NULL,'fee'),(104,165,21637,NULL,NULL,NULL,'21637','LIDIA DEL ROSARIO ALEJOS SANJINEZ','03662928',2.13,'15:52:00','18:00:00',NULL,'fhe'),(105,165,3405,NULL,NULL,NULL,'03405','LUCILA DEL PILAR MENDOZA PULACHE','03691919',2.12,'15:53:00','18:00:00',NULL,'vdd'),(106,167,2074,NULL,NULL,NULL,'02074','LUZ MARIA CHAVEZ SUAREZ','80498081',-12.30,'18:18:00','06:00:00',NULL,'pedilubio'),(107,167,30046,NULL,NULL,NULL,'30046','LUIS MORALES AGURTO','63076604',-12.30,'18:18:00','06:00:00',NULL,'residuos'),(108,167,32441,NULL,NULL,NULL,'32441','DIANA LISBETH QUISPE CHAVEZ','48450488',-12.32,'18:19:00','06:00:00',NULL,'lavado de materiales'),(109,167,31392,NULL,NULL,NULL,'31392','MARCOS ANTHONY HUAMAN SOLANO','74777296',-12.33,'18:20:00','06:00:00',NULL,'lavado de dinos'),(110,167,12093,NULL,NULL,NULL,'12093','JESUS ALBERTO SOSA CHERO','03675785',-12.33,'18:20:00','06:00:00',NULL,'nave 1'),(111,167,32000,NULL,NULL,NULL,'32000','JOSE YSRRAEL VEGA YNFANTE','41315372',-12.35,'18:21:00','06:00:00',NULL,'filtro'),(112,167,8133,NULL,NULL,NULL,'08133','IRMA VIDAURRE TAVARA DE ORTIZ','03599143',-12.38,'18:23:00','06:00:00',NULL,'envasado nave 2'),(113,167,26808,NULL,NULL,NULL,'26808','ALEXANDRA OTERO ESPINOZA','48279853',-12.40,'18:24:00','06:00:00',NULL,'lavado de materiales'),(114,167,27431,NULL,NULL,NULL,'27431','JUDITH DEL CARMEN LLACSAHUANGA ACHA','77424025',-12.40,'18:24:00','06:00:00',NULL,'lavado de materiales'),(115,167,34504,NULL,NULL,NULL,'34504','ROSA ELIZABETH ESPINOZA CRUZ','40628195',-12.53,'18:32:00','06:00:00',NULL,'lavanderia nave 2'),(116,168,28202,NULL,515,'LAVANDERIA','28202','',NULL,-11.72,'18:43:00','07:00:00',NULL,NULL),(117,168,34600,NULL,497,'CTRL-ORUGAS','34600','',NULL,-11.23,'18:44:00','07:30:00',NULL,NULL),(118,167,34515,NULL,NULL,NULL,'34515','CHRISTIAN JEANDET CHINCHAY CAMPOS','71574735',-12.82,'18:49:00','06:00:00',NULL,'cochera'),(119,168,33752,NULL,491,'PESADORES-FILETE','33752','',NULL,-11.17,'18:55:00','07:45:00',NULL,NULL),(120,168,29236,NULL,491,'PESADORES-FILETE','29236','',NULL,-11.80,'19:03:00','07:15:00',NULL,NULL),(121,168,33732,NULL,490,'ROTULADOR-ZONA PRIMARIA','33732','',NULL,-11.80,'19:03:00','07:15:00',NULL,NULL),(122,168,32564,NULL,498,'OPERADOR DE TRATAMIENTO','32564','',NULL,-11.77,'19:11:00','07:25:00',NULL,NULL),(123,168,26755,NULL,502,'CTRL-ENVASADO BLOCK','26755','',NULL,-11.55,'19:13:00','07:40:00',NULL,NULL),(124,168,34673,NULL,497,'CTRL-ORUGAS','34673','',NULL,-12.18,'19:16:00','07:05:00',NULL,NULL),(125,167,33038,NULL,NULL,NULL,'33038','DALILA NOEMI GUTIERREZ CARHUATOCTO','74880096',-13.65,'19:39:00','06:00:00',NULL,'líneas de lavado'),(126,167,31662,NULL,NULL,NULL,'31662','LESLIE DAYANA PACHERRES DOMADOR','74600170',-13.77,'19:46:00','06:00:00',NULL,'líneas de lavado'),(127,167,34557,NULL,NULL,NULL,'34557','CRISMARY ADONAY PACHERRES DOMADOR','61183504',-13.78,'19:47:00','06:00:00',NULL,'iqf 5'),(128,173,33512,NULL,NULL,NULL,'33512','CARLOS GENARO MERINO ALBAN','44594445',NULL,'06:07:00',NULL,NULL,'limpieza en precamara'),(129,173,34623,NULL,NULL,NULL,'34623','JAROL ALDAIR RAYMUNDO INGA','77878990',NULL,'06:08:00',NULL,NULL,'limpieza en fileteros'),(130,173,34567,NULL,NULL,NULL,'34567','DEYBER MIJAHUANGA ABAD','61040691',NULL,'06:09:00',NULL,NULL,'limpieza en fileteros'),(131,173,34586,NULL,NULL,NULL,'34586','JEFFERSON ALDAIR SIANCAS JUAREZ','74095483',NULL,'06:10:00',NULL,NULL,'limpieza en fileteros'),(132,173,6792,NULL,NULL,NULL,'06792','WILFREDO VALLADARES CESPEDES','03633367',NULL,'06:10:00',NULL,NULL,'residuos nave 2'),(133,173,3405,NULL,NULL,NULL,'03405','LUCILA DEL PILAR MENDOZA PULACHE','03691919',NULL,'06:11:00',NULL,NULL,'limpieza en lavandería'),(134,173,34573,NULL,NULL,NULL,'34573','JUAN JESUS MURGUIA RIVERA','75106278',NULL,'06:11:00',NULL,NULL,'limpieza en envasado'),(135,173,32154,NULL,NULL,NULL,'32154','YESSI MARISOL MANUEL GARCIA','73595918',NULL,'06:11:00',NULL,NULL,'lavado de materiales'),(136,173,29189,NULL,NULL,NULL,'29189','CESAR AUGUSTO VASQUEZ REYES','03589731',NULL,'06:12:00',NULL,NULL,'lavado de dinos'),(137,173,25929,NULL,NULL,NULL,'25929','PABLO RIVAS BRUNO','03565425',NULL,'06:12:00',NULL,NULL,'limpieza en fileteros'),(138,173,27909,NULL,NULL,NULL,'27909','JHONNY CHARLY SUAREZ PULACHE','03660500',NULL,'06:12:00',NULL,NULL,'limpieza en fileteros'),(139,173,30572,NULL,NULL,NULL,'30572','KIRBY HURTADO SAAVEDRA','40974277',NULL,'06:13:00',NULL,NULL,'limpieza en fileteros'),(140,173,33513,NULL,NULL,NULL,'33513','RAMON MIÑAN CARMEN','80313746',NULL,'06:13:00',NULL,NULL,'lavado de dinos'),(141,173,21637,NULL,NULL,NULL,'21637','LIDIA DEL ROSARIO ALEJOS SANJINEZ','03662928',NULL,'06:13:00',NULL,NULL,'limpieza en iqf 5'),(142,173,31401,NULL,NULL,NULL,'31401','CARLOS ENRIQUE CHERO MENDOZA','70046815',NULL,'06:14:00',NULL,NULL,'limpieza en fileteros'),(143,173,7478,NULL,NULL,NULL,'07478','NANCY VIOLETA AGUILAR CORREA DE LUPUCHE','03658969',NULL,'06:15:00',NULL,NULL,'limpieza externa'),(144,173,22545,NULL,NULL,NULL,'22545','MILKA PRISCILA GIRON OCAMPO','75020236',NULL,'06:16:00',NULL,NULL,'lavado de materiales'),(145,173,12006,NULL,NULL,NULL,'12006','JULIA CHERO DURAND','03691135',NULL,'07:13:00',NULL,NULL,'limpieza de pedilubios');
/*!40000 ALTER TABLE `lineas_reporte` ENABLE KEYS */;
UNLOCK TABLES;

--
-- Table structure for table `refresh_tokens`
--

DROP TABLE IF EXISTS `refresh_tokens`;
/*!40101 SET @saved_cs_client     = @@character_set_client */;
/*!50503 SET character_set_client = utf8mb4 */;
CREATE TABLE `refresh_tokens` (
  `id` int NOT NULL AUTO_INCREMENT,
  `user_id` int NOT NULL,
  `token_hash` varchar(128) CHARACTER SET utf8mb4 COLLATE utf8mb4_unicode_ci NOT NULL,
  `expires_at` datetime NOT NULL,
  `revoked_at` datetime DEFAULT NULL,
  `last_used_at` datetime DEFAULT NULL,
  `created_at` timestamp NULL DEFAULT CURRENT_TIMESTAMP,
  PRIMARY KEY (`id`),
  UNIQUE KEY `uniq_refresh_token_hash` (`token_hash`),
  KEY `idx_refresh_tokens_user` (`user_id`),
  KEY `idx_refresh_tokens_expires` (`expires_at`),
  CONSTRAINT `fk_refresh_token_user` FOREIGN KEY (`user_id`) REFERENCES `users` (`id`) ON DELETE CASCADE
) ENGINE=InnoDB AUTO_INCREMENT=169 DEFAULT CHARSET=utf8mb4 COLLATE=utf8mb4_unicode_ci;
/*!40101 SET character_set_client = @saved_cs_client */;

--
-- Dumping data for table `refresh_tokens`
--

LOCK TABLES `refresh_tokens` WRITE;
/*!40000 ALTER TABLE `refresh_tokens` DISABLE KEYS */;
INSERT INTO `refresh_tokens` VALUES (123,1,'815fff3fce91397c14b812033b8041b900de69be3322d7d5fb7176291b0341e5','2026-03-20 16:53:07',NULL,NULL,'2026-02-18 16:53:07'),(124,1,'027668c81fe37c726f51f7fab6484822622d47e82f45b3edff7368c21b089b45','2026-03-20 16:58:24',NULL,NULL,'2026-02-18 16:58:24'),(125,9,'b7dadeb8437caf0ac3ae39a3c5ca7c388564f00885f99d95751002e21c34e53a','2026-03-20 17:02:30',NULL,NULL,'2026-02-18 17:02:30'),(126,9,'848d0d2fbe207408f4d3b45d427bbc9a27187bfc213c66e7384ce66c000bc7e9','2026-03-20 17:08:46',NULL,NULL,'2026-02-18 17:08:46'),(127,1,'ac615923fdf4ae1bcb3476ffcc9e9bedbc782f890239421a1b404c85460f2b5d','2026-03-20 20:01:58',NULL,NULL,'2026-02-18 20:01:58'),(128,9,'1788f6594daf8f00dac5fe633581ff87b88872204c428cfda803f8256328429d','2026-03-21 13:40:54',NULL,NULL,'2026-02-19 13:40:54'),(129,1,'cb7c9ace84cb60ba0538c4b907b0bbd104bf90ffaf27a93c57ffb71f2a2c3ebe','2026-03-21 14:27:57',NULL,NULL,'2026-02-19 14:27:56'),(130,1,'1b1b243d1a03ac49298050e0bbca2a0699d2902bfd3af8c641f6ac0b32731cd2','2026-03-21 16:10:47',NULL,NULL,'2026-02-19 21:10:47'),(131,1,'804a57478eba1a23b7d6e90bafc3c5a3291287c98d7efd945f584d5aac342c7f','2026-03-21 17:19:33',NULL,NULL,'2026-02-19 22:19:32'),(132,1,'0f363d5c82093b7b353f1cbca91795bfa51fe49d3f72b0e7ca92d3e9767df6a3','2026-03-21 17:19:35',NULL,NULL,'2026-02-19 22:19:34'),(133,1,'85b8b8527fc60b6112a8f283be356a04ca7b3eb596430c31f5b582806eaf5b07','2026-03-21 17:19:36',NULL,NULL,'2026-02-19 22:19:35'),(134,13,'2256f830411cfd019124350e1df1ccdb517b78ba53b1af0956196736ec909b6e','2026-03-21 17:37:43',NULL,NULL,'2026-02-19 22:37:43'),(135,1,'53ad7a06b6c5da0e0116ef98d733beacd1d276510cbe2e1e870b6a3f08636938','2026-03-22 11:21:56',NULL,NULL,'2026-02-20 16:21:55'),(136,12,'0bb85659e09d5c24436b1423d764e4ced5daa1c09a89b61b96f3f587bbac8736','2026-03-22 16:35:49',NULL,NULL,'2026-02-20 21:35:49'),(137,12,'200649dbf64387c62dca8892981d110057e2d6ebb1618cfcc6644daa58fe7300','2026-03-25 15:28:26',NULL,NULL,'2026-02-23 20:28:25'),(138,9,'cfa797af6f9ee04df5b85c91c09e760d4a6300c5c495757473679dfea9c09a24','2026-03-25 19:48:58',NULL,NULL,'2026-02-24 00:48:57'),(139,1,'5672e663d626ae6b14fcf2a1e1c03695f48680cee08d436a6ec47ee97906b70d','2026-03-26 09:20:34',NULL,NULL,'2026-02-24 14:20:33'),(140,11,'eb86a6623d517b7e57dc80a2bfced6149a36a46e2b567d744453eec072066a29','2026-03-26 18:44:22',NULL,NULL,'2026-02-24 23:44:22'),(141,9,'53a930378b7fda2b90e72167ee9d3bf1a46208e85b6e97cb1458a45d71e8844f','2026-03-26 19:41:57',NULL,NULL,'2026-02-25 00:41:56'),(142,1,'723752ab3aca19e2e473faa53066e5d730c73aa8321bb0a40be42f58f01b7ce4','2026-03-27 07:45:43',NULL,NULL,'2026-02-25 12:45:43'),(143,12,'2d42a7fa493232657910158cf919a85eb974a520563000e702e62d14e668196c','2026-03-27 10:01:49',NULL,NULL,'2026-02-25 15:01:48'),(144,12,'7571216c4fa972109d4152e9a662db73f8a5eb449dd2e6e7c430137a70342930','2026-03-27 10:01:53',NULL,NULL,'2026-02-25 15:01:52'),(145,11,'fa176af587510cf90a49c5e9a40cc77a88e2a3908896f6ad10f55392dc0c8709','2026-03-27 10:07:52',NULL,NULL,'2026-02-25 15:07:51'),(146,12,'1347200d921898eef1087056b7f11a8d94d9fbf9c8f76d0de146488b1540221f','2026-03-27 10:10:34',NULL,NULL,'2026-02-25 15:10:34'),(147,9,'b7698d7bff76f4e48f607068da536cccc826abeed62b18ca68c02175090c6b97','2026-03-27 11:03:32',NULL,NULL,'2026-02-25 16:03:31'),(148,11,'66a0972f4ac4a0353b94c724c1e7745cbd2e3e63f9d1da71bef741bf26e2f01f','2026-03-27 11:06:06',NULL,NULL,'2026-02-25 16:06:05'),(149,10,'a279cb7ca2ed85922b2df16b7f23d0774b1eba522d1bfc30fc0c8bcc6e9296e0','2026-03-27 11:18:32',NULL,NULL,'2026-02-25 16:18:32'),(150,12,'6206da5421cb854045d0bc8503e462f490ce64f4845d95719e09be691a95acb0','2026-03-27 15:51:00',NULL,NULL,'2026-02-25 20:51:00'),(151,1,'a55a7c596abddffa4e3e7295fb8a1aec65c594788cdcf3970732ecec52e17af4','2026-03-27 15:57:21',NULL,NULL,'2026-02-25 20:57:21'),(152,1,'3dd0e924b8acba883850b927e54eca5988ea2db0379d225ed115a3f5d0218628','2026-03-27 15:57:22',NULL,NULL,'2026-02-25 20:57:22'),(153,11,'b3db777ff0494f0ea781b43facdfcd52fad7f3765f3faebd76b8f0acca8b2695','2026-03-27 18:17:53',NULL,NULL,'2026-02-25 23:17:53'),(154,9,'4c84585f26cebb5b1a06c033f3e87d20656108536127666e49de6723c0b9dbb5','2026-03-27 18:42:49',NULL,NULL,'2026-02-25 23:42:49'),(155,12,'c31ec1bb2dd1c33a6b06d6ee8e03d2123106ea3158f1e8e94fe1c658d35e553c','2026-03-28 06:04:59',NULL,NULL,'2026-02-26 11:04:58'),(156,12,'0b5d80a88340ddcddb3a46d632c1fb3580436d1c2b058d385b5d1c286b3d1954','2026-03-28 06:05:00',NULL,NULL,'2026-02-26 11:05:00'),(157,12,'65e2b07007a8125c75c005b0543eef56f4f72b82e3b889373d615b7f1d77f9c5','2026-03-28 06:05:01',NULL,NULL,'2026-02-26 11:05:01'),(158,12,'6205a8c37f8f0f85633c06923ba6ff9a496512792df3bd9f374c56238a1e6b32','2026-03-28 06:05:05',NULL,NULL,'2026-02-26 11:05:04'),(159,12,'e5a1f5f45eab5cdeda3a2e8d304d84c2b2018b8263b50639c4bfb144f225b08a','2026-03-28 06:05:06',NULL,NULL,'2026-02-26 11:05:05'),(160,12,'b42c0c7bacd402efee97e1985da4b5ea20b30ee3ead5e18a47362360c2d91570','2026-03-28 06:05:07',NULL,NULL,'2026-02-26 11:05:06'),(161,12,'396358372c2e2d48d8e4ebfdaccf7da91eb8d4f552fe9e6fa258616f58e3747c','2026-03-28 06:05:09',NULL,NULL,'2026-02-26 11:05:08'),(162,12,'3ca4e7c5b700cdcbf23b8b5819c73dc227f6a182c7adeaa95d0867fa43de9897','2026-03-28 06:05:11',NULL,NULL,'2026-02-26 11:05:10'),(163,12,'8f0ac5f0e4f6bfde67468acbfe8a9e6e071314bb89815ef3fb354d2407bcb0f0','2026-03-28 06:05:26',NULL,NULL,'2026-02-26 11:05:26'),(164,9,'d8fb4fbde4f36042083d0ff1376e9850f621dabfa8853c1452b105510b182d30','2026-03-28 08:00:59',NULL,NULL,'2026-02-26 13:00:59'),(165,1,'98e7e9840e619b805734dfbcf3ffb5045d78b27d5add035e8cd8feeff8cbd607','2026-03-28 09:13:08',NULL,NULL,'2026-02-26 14:13:07'),(166,9,'0baaf8e286bb8d86c4afe959a8b49172ba465a3040b5cd09c62308d57ad558a1','2026-03-28 09:18:12',NULL,NULL,'2026-02-26 14:18:12'),(167,1,'7fd0cf71c0482d7dc270532eb2d710bf11f2e164f12b131288e39c69fe995f99','2026-03-28 09:20:46',NULL,NULL,'2026-02-26 14:20:46'),(168,13,'9ece8c7f394054b81ed115811429d1657f60f69c3bd48216a90558e3d69673e2','2026-03-28 09:52:49',NULL,NULL,'2026-02-26 14:52:48');
/*!40000 ALTER TABLE `refresh_tokens` ENABLE KEYS */;
UNLOCK TABLES;

--
-- Table structure for table `reportes`
--

DROP TABLE IF EXISTS `reportes`;
/*!40101 SET @saved_cs_client     = @@character_set_client */;
/*!50503 SET character_set_client = utf8mb4 */;
CREATE TABLE `reportes` (
  `id` int NOT NULL AUTO_INCREMENT,
  `fecha` date NOT NULL,
  `turno` enum('Dia','Noche') CHARACTER SET utf8mb4 COLLATE utf8mb4_unicode_ci NOT NULL,
  `tipo_reporte` enum('SANEAMIENTO','APOYO_HORAS','TRABAJO_AVANCE','CONTEO_RAPIDO') CHARACTER SET utf8mb4 COLLATE utf8mb4_unicode_ci NOT NULL,
  `area_id` int DEFAULT NULL,
  `area` varchar(100) CHARACTER SET utf8mb4 COLLATE utf8mb4_unicode_ci NOT NULL,
  `creado_por_user_id` int NOT NULL,
  `creado_por_nombre` varchar(255) CHARACTER SET utf8mb4 COLLATE utf8mb4_unicode_ci NOT NULL,
  `observaciones` text CHARACTER SET utf8mb4 COLLATE utf8mb4_unicode_ci,
  `creado_en` timestamp NULL DEFAULT CURRENT_TIMESTAMP,
  `activo` tinyint(1) NOT NULL DEFAULT '1',
  `estado` varchar(20) CHARACTER SET utf8mb4 COLLATE utf8mb4_unicode_ci NOT NULL DEFAULT 'ABIERTO',
  `vence_en` datetime DEFAULT NULL,
  `cerrado_en` datetime DEFAULT NULL,
  `apoyo_horas_key` varchar(255) CHARACTER SET utf8mb4 COLLATE utf8mb4_unicode_ci GENERATED ALWAYS AS ((case when (`tipo_reporte` = _utf8mb4'APOYO_HORAS') then concat(`creado_por_user_id`,_utf8mb4'|',`fecha`,_utf8mb4'|',`turno`) else NULL end)) STORED,
  PRIMARY KEY (`id`),
  UNIQUE KEY `uq_apoyo_horas_key` (`apoyo_horas_key`),
  KEY `idx_reportes_fecha_tipo` (`fecha`,`tipo_reporte`),
  KEY `idx_reportes_area` (`area`),
  KEY `fk_reportes_areas` (`area_id`),
  KEY `fk_reportes_users` (`creado_por_user_id`),
  KEY `idx_reportes_abiertos` (`tipo_reporte`,`creado_por_user_id`,`turno`,`estado`,`vence_en`),
  CONSTRAINT `fk_reportes_areas` FOREIGN KEY (`area_id`) REFERENCES `areas` (`id`),
  CONSTRAINT `fk_reportes_users` FOREIGN KEY (`creado_por_user_id`) REFERENCES `users` (`id`)
) ENGINE=InnoDB AUTO_INCREMENT=176 DEFAULT CHARSET=utf8mb4 COLLATE=utf8mb4_unicode_ci;
/*!40101 SET character_set_client = @saved_cs_client */;

--
-- Dumping data for table `reportes`
--

LOCK TABLES `reportes` WRITE;
/*!40000 ALTER TABLE `reportes` DISABLE KEYS */;
INSERT INTO `reportes` (`id`, `fecha`, `turno`, `tipo_reporte`, `area_id`, `area`, `creado_por_user_id`, `creado_por_nombre`, `observaciones`, `creado_en`, `activo`, `estado`, `vence_en`, `cerrado_en`) VALUES (140,'2026-02-18','Dia','APOYO_HORAS',NULL,'POR_TRABAJADOR',1,'Yorby Correa Pacherres',NULL,'2026-02-18 19:34:31',1,'ABIERTO','2026-02-19 00:00:00',NULL),(141,'2026-02-18','Dia','CONTEO_RAPIDO',NULL,'POR_AREAS',1,'Yorby Correa Pacherres',NULL,'2026-02-18 19:46:07',1,'ABIERTO',NULL,NULL),(142,'2026-02-18','Dia','TRABAJO_AVANCE',NULL,'POR_CUADRILLA',1,'Yorby Correa Pacherres',NULL,'2026-02-18 19:46:23',1,'ABIERTO',NULL,NULL),(143,'2026-02-19','Dia','CONTEO_RAPIDO',NULL,'POR_AREAS',9,'Melissa Serna Flores',NULL,'2026-02-19 13:40:59',1,'CERRADO',NULL,'2026-02-19 13:48:26'),(144,'2026-02-19','Dia','TRABAJO_AVANCE',NULL,'POR_CUADRILLA',1,'Yorby Correa Pacherres',NULL,'2026-02-19 14:27:59',1,'CERRADO',NULL,NULL),(145,'2026-02-19','Dia','CONTEO_RAPIDO',NULL,'POR_AREAS',1,'Yorby Correa Pacherres',NULL,'2026-02-19 15:25:06',1,'ABIERTO',NULL,NULL),(146,'2026-02-19','Dia','APOYO_HORAS',NULL,'POR_TRABAJADOR',1,'Yorby Correa Pacherres',NULL,'2026-02-19 20:42:24',1,'CERRADO','2026-02-20 00:00:00','2026-02-19 15:42:47'),(147,'2026-02-19','Dia','SANEAMIENTO',NULL,'SANEAMIENTO',13,'Cruz Ochoa Artemio',NULL,'2026-02-19 22:37:51',1,'CERRADO','2026-02-20 17:37:52','2026-02-19 17:38:48'),(148,'2026-02-19','Noche','APOYO_HORAS',NULL,'POR_TRABAJADOR',1,'Yorby Correa Pacherres',NULL,'2026-02-19 23:34:34',1,'ABIERTO','2026-02-20 00:00:00',NULL),(149,'2026-02-20','Noche','APOYO_HORAS',NULL,'POR_TRABAJADOR',1,'Yorby Correa Pacherres',NULL,'2026-02-19 23:35:30',1,'CERRADO','2026-02-21 00:00:00','2026-02-19 18:36:42'),(150,'2026-02-20','Dia','APOYO_HORAS',NULL,'POR_TRABAJADOR',1,'Yorby Correa Pacherres',NULL,'2026-02-20 16:22:00',1,'CERRADO','2026-02-21 00:00:00','2026-02-20 11:23:30'),(151,'2026-02-23','Dia','SANEAMIENTO',NULL,'SANEAMIENTO',12,'Nima Mendoza Ivan Alexander',NULL,'2026-02-23 20:28:37',1,'CERRADO','2026-02-24 15:28:37','2026-02-23 15:29:46'),(152,'2026-02-23','Dia','TRABAJO_AVANCE',NULL,'POR_CUADRILLA',9,'Melissa Serna Flores',NULL,'2026-02-24 00:49:13',1,'ABIERTO',NULL,NULL),(153,'2026-02-23','Dia','APOYO_HORAS',NULL,'POR_TRABAJADOR',9,'Melissa Serna Flores',NULL,'2026-02-24 00:51:37',1,'ABIERTO','2026-02-24 00:00:00',NULL),(154,'2026-02-23','Noche','CONTEO_RAPIDO',NULL,'POR_AREAS',9,'Melissa Serna Flores',NULL,'2026-02-24 01:48:36',1,'CERRADO',NULL,'2026-02-23 20:54:00'),(155,'2026-02-24','Noche','TRABAJO_AVANCE',NULL,'POR_CUADRILLA',9,'Melissa Serna Flores',NULL,'2026-02-24 10:05:02',1,'ABIERTO',NULL,NULL),(156,'2026-02-24','Dia','TRABAJO_AVANCE',NULL,'POR_CUADRILLA',9,'Melissa Serna Flores',NULL,'2026-02-24 10:05:08',1,'ABIERTO',NULL,NULL),(157,'2026-02-24','Noche','SANEAMIENTO',NULL,'SANEAMIENTO',11,'Curay Floriano Luis Martin',NULL,'2026-02-24 23:44:49',1,'CERRADO','2026-02-25 18:44:49','2026-02-25 10:09:04'),(158,'2026-02-24','Noche','CONTEO_RAPIDO',NULL,'POR_AREAS',9,'Melissa Serna Flores',NULL,'2026-02-25 02:05:56',1,'CERRADO',NULL,'2026-02-24 21:09:07'),(159,'2026-02-22','Dia','SANEAMIENTO',NULL,'SANEAMIENTO',12,'Nima Mendoza Ivan Alexander',NULL,'2026-02-25 15:57:48',1,'ABIERTO','2026-02-26 10:57:48',NULL),(160,'2026-02-22','Noche','SANEAMIENTO',NULL,'SANEAMIENTO',12,'Nima Mendoza Ivan Alexander',NULL,'2026-02-25 15:58:07',1,'CERRADO','2026-02-26 10:58:08','2026-02-25 10:58:39'),(161,'2026-02-25','Dia','CONTEO_RAPIDO',NULL,'POR_AREAS',10,'Ivan Rivera Genell',NULL,'2026-02-25 16:19:15',1,'CERRADO',NULL,'2026-02-25 11:19:49'),(162,'2026-02-25','Dia','APOYO_HORAS',NULL,'POR_TRABAJADOR',10,'Ivan Rivera Genell',NULL,'2026-02-25 16:20:41',1,'CERRADO','2026-02-26 00:00:00','2026-02-25 11:22:43'),(163,'2026-02-25','Dia','TRABAJO_AVANCE',NULL,'POR_CUADRILLA',10,'Ivan Rivera Genell',NULL,'2026-02-25 16:23:33',1,'CERRADO',NULL,NULL),(164,'2026-02-25','Dia','SANEAMIENTO',NULL,'SANEAMIENTO',12,'Nima Mendoza Ivan Alexander',NULL,'2026-02-25 20:51:13',1,'CERRADO','2026-02-26 15:51:13','2026-02-25 15:52:12'),(165,'2026-02-15','Dia','SANEAMIENTO',NULL,'SANEAMIENTO',12,'Nima Mendoza Ivan Alexander',NULL,'2026-02-25 20:52:34',1,'CERRADO','2026-02-26 15:52:34','2026-02-25 15:54:03'),(166,'2026-02-16','Dia','SANEAMIENTO',NULL,'SANEAMIENTO',12,'Nima Mendoza Ivan Alexander',NULL,'2026-02-25 20:56:01',1,'ABIERTO','2026-02-26 15:56:02',NULL),(167,'2026-02-25','Noche','SANEAMIENTO',NULL,'SANEAMIENTO',11,'Curay Floriano Luis Martin',NULL,'2026-02-25 23:18:18',1,'CERRADO','2026-02-26 18:18:18','2026-02-26 05:45:43'),(168,'2026-02-25','Noche','APOYO_HORAS',NULL,'POR_TRABAJADOR',9,'Melissa Serna Flores',NULL,'2026-02-25 23:43:14',1,'CERRADO','2026-02-26 00:00:00','2026-02-26 09:19:42'),(169,'2026-02-25','Dia','APOYO_HORAS',NULL,'POR_TRABAJADOR',9,'Melissa Serna Flores',NULL,'2026-02-25 23:49:13',1,'ABIERTO','2026-02-26 00:00:00',NULL),(170,'2026-02-25','Noche','TRABAJO_AVANCE',NULL,'POR_CUADRILLA',9,'Melissa Serna Flores',NULL,'2026-02-25 23:49:18',1,'ABIERTO',NULL,NULL),(171,'2026-02-25','Noche','CONTEO_RAPIDO',NULL,'POR_AREAS',9,'Melissa Serna Flores',NULL,'2026-02-26 01:21:01',1,'CERRADO',NULL,'2026-02-25 20:47:18'),(172,'2026-02-26','Dia','SANEAMIENTO',NULL,'SANEAMIENTO',11,'Curay Floriano Luis Martin',NULL,'2026-02-26 10:38:21',1,'ABIERTO','2026-02-27 05:38:22',NULL),(173,'2026-02-26','Dia','SANEAMIENTO',NULL,'SANEAMIENTO',12,'Nima Mendoza Ivan Alexander',NULL,'2026-02-26 11:05:46',1,'ABIERTO','2026-02-27 06:05:46',NULL),(174,'2026-02-26','Dia','APOYO_HORAS',NULL,'POR_TRABAJADOR',9,'Melissa Serna Flores',NULL,'2026-02-26 14:20:31',1,'ABIERTO','2026-02-27 00:00:00',NULL),(175,'2026-02-01','Dia','SANEAMIENTO',NULL,'SANEAMIENTO',13,'Cruz Ochoa Artemio',NULL,'2026-02-26 15:06:16',1,'ABIERTO','2026-02-27 10:06:16',NULL);
/*!40000 ALTER TABLE `reportes` ENABLE KEYS */;
UNLOCK TABLES;

--
-- Table structure for table `roles`
--

DROP TABLE IF EXISTS `roles`;
/*!40101 SET @saved_cs_client     = @@character_set_client */;
/*!50503 SET character_set_client = utf8mb4 */;
CREATE TABLE `roles` (
  `id` int NOT NULL AUTO_INCREMENT,
  `codigo` enum('SANEAMIENTO','PLANILLERO','ADMINISTRADOR') CHARACTER SET utf8mb4 COLLATE utf8mb4_unicode_ci DEFAULT NULL,
  `descripcion` varchar(100) CHARACTER SET utf8mb4 COLLATE utf8mb4_unicode_ci DEFAULT NULL,
  PRIMARY KEY (`id`),
  UNIQUE KEY `codigo` (`codigo`)
) ENGINE=InnoDB AUTO_INCREMENT=4 DEFAULT CHARSET=utf8mb4 COLLATE=utf8mb4_unicode_ci;
/*!40101 SET character_set_client = @saved_cs_client */;

--
-- Dumping data for table `roles`
--

LOCK TABLES `roles` WRITE;
/*!40000 ALTER TABLE `roles` DISABLE KEYS */;
INSERT INTO `roles` VALUES (1,'SANEAMIENTO','Usuario de saneamiento'),(2,'PLANILLERO','Usuario de Planillas'),(3,'ADMINISTRADOR','Administrador del sistema');
/*!40000 ALTER TABLE `roles` ENABLE KEYS */;
UNLOCK TABLES;

--
-- Table structure for table `trabajadores`
--

DROP TABLE IF EXISTS `trabajadores`;
/*!40101 SET @saved_cs_client     = @@character_set_client */;
/*!50503 SET character_set_client = utf8mb4 */;
CREATE TABLE `trabajadores` (
  `id` int NOT NULL AUTO_INCREMENT,
  `codigo` varchar(50) CHARACTER SET utf8mb4 COLLATE utf8mb4_unicode_ci NOT NULL,
  `nombre_completo` varchar(255) CHARACTER SET utf8mb4 COLLATE utf8mb4_unicode_ci NOT NULL,
  `dni` varchar(20) CHARACTER SET utf8mb4 COLLATE utf8mb4_unicode_ci DEFAULT NULL,
  `sexo` varchar(15) CHARACTER SET utf8mb4 COLLATE utf8mb4_unicode_ci DEFAULT NULL,
  `activo` tinyint(1) DEFAULT '1',
  `creado_en` timestamp NULL DEFAULT CURRENT_TIMESTAMP,
  `actualizado_en` timestamp NULL DEFAULT NULL,
  PRIMARY KEY (`id`),
  UNIQUE KEY `codigo` (`codigo`),
  KEY `idx_trabajadores_nombre` (`nombre_completo`)
) ENGINE=InnoDB AUTO_INCREMENT=17267 DEFAULT CHARSET=utf8mb4 COLLATE=utf8mb4_unicode_ci;
/*!40101 SET character_set_client = @saved_cs_client */;

--
-- Dumping data for table `trabajadores`
--

LOCK TABLES `trabajadores` WRITE;
/*!40000 ALTER TABLE `trabajadores` DISABLE KEYS */;
INSERT INTO `trabajadores` VALUES (17124,'29538','YORBY NOEL CORREA PACHERRES','75135532','M',1,'2026-02-19 20:35:11','2026-02-19 20:35:11'),(17125,'12807','ARTEMIO CRUZ OCHOA','48750777','M',1,'2026-02-19 22:38:08','2026-02-19 22:38:08'),(17126,'17507','BELTRAN PAZ CORDOVA','03128306','M',1,'2026-02-19 23:35:35','2026-02-19 23:35:35'),(17127,'28293','IVAN ALEXANDER NIMA MENDOZA','79136144','M',1,'2026-02-23 20:29:01','2026-02-23 20:29:01'),(17128,'29449','JIM KEVIN HUERTAS AGUILAR','75553757','M',1,'2026-02-24 00:49:32','2026-02-24 00:49:32'),(17129,'11266','EDINSON MOISES SOSA TINEO','48657341','M',1,'2026-02-24 01:05:24','2026-02-24 01:05:24'),(17130,'08758','MANUEL HILDEBRANDO CUMBICUS GARCIA','02735020','M',1,'2026-02-24 01:10:48','2026-02-24 01:10:48'),(17131,'24466','DUBER ANTHONY ATOCHE FLOREANO','48578178','M',1,'2026-02-24 01:10:56','2026-02-24 01:10:56'),(17132,'20911','ALEX ROMERO CUNYARACHE','48182038','M',1,'2026-02-24 01:11:01','2026-02-24 01:11:01'),(17133,'09119','JOSE FAUSTINO MARIÑAS CARRASCO','03648237','M',1,'2026-02-24 01:11:05','2026-02-24 01:11:05'),(17134,'12599','PEDRO MANCHAY PEÑA','48004788','M',1,'2026-02-24 01:11:09','2026-02-24 01:11:09'),(17135,'23849','CARLOS CRISTHOFER BERRU VELIZ','48839233','M',1,'2026-02-24 01:11:12','2026-02-24 01:11:12'),(17136,'19394','KEVIN OCTONIER CASTILLO CAMACHO','75750933','M',1,'2026-02-24 01:11:15','2026-02-24 01:11:15'),(17137,'09274','JOSE LUIS URBINA GUTIERREZ','03665084','M',1,'2026-02-24 01:11:18','2026-02-24 01:11:18'),(17138,'06654','YECKLI GUARNIZO YANAYACO','45084537','M',1,'2026-02-24 01:11:23','2026-02-24 01:11:23'),(17139,'23694','ISAI CASTILLO CAMACHO','75957132','M',1,'2026-02-24 01:11:46','2026-02-24 01:11:46'),(17140,'34664','EDDY JOSETH RUIZ RIVERA','61021779','M',1,'2026-02-24 01:11:54','2026-02-24 01:11:54'),(17141,'22497','CRISTHIAN JERSON CARRANZA RAMOS','74592303','M',1,'2026-02-24 01:12:08','2026-02-24 01:12:08'),(17142,'04575','JORGE LUIS PANTA PERALTA','42408525','M',1,'2026-02-24 01:12:53','2026-02-24 01:12:53'),(17143,'21562','EDWIN YOQSAN PAUCAR JIMENEZ','45589575','M',1,'2026-02-24 01:13:03','2026-02-24 01:13:03'),(17144,'04527','JULIO CESAR AGUILAR RUGEL','80227371','M',1,'2026-02-24 01:13:29','2026-02-24 01:13:29'),(17145,'00488','EXEQUIEL SANTOS LAZO','03862829','M',1,'2026-02-24 01:13:58','2026-02-24 01:13:58'),(17146,'13109','WALTER RUBEN CARRANZA GARCIA','80318473','M',1,'2026-02-24 01:14:45','2026-02-24 01:14:45'),(17147,'04576','CARLOS MARTIN PANTA PACHERRES','42443500','M',1,'2026-02-24 01:14:51','2026-02-24 01:14:51'),(17148,'15265','JUAN CARLOS PEÑA IPANAQUE','62674359','M',1,'2026-02-24 01:15:17','2026-02-24 01:15:17'),(17149,'20915','CESAR RAFAEL ZAPATA HERRERA','42620568','M',1,'2026-02-24 01:17:13','2026-02-24 01:17:13'),(17150,'28202','JANELLI GIANCARLA PAULINI FLOREANO','03900920','F',1,'2026-02-24 01:17:46','2026-02-24 01:17:46'),(17151,'32000','JOSE YSRRAEL VEGA YNFANTE','41315372','M',1,'2026-02-24 23:45:21','2026-02-24 23:45:21'),(17152,'32441','DIANA LISBETH QUISPE CHAVEZ','48450488','F',1,'2026-02-24 23:46:45','2026-02-24 23:46:45'),(17153,'02074','LUZ MARIA CHAVEZ SUAREZ','80498081','F',1,'2026-02-24 23:47:30','2026-02-24 23:47:30'),(17154,'30046','LUIS MORALES AGURTO','63076604','M',1,'2026-02-24 23:47:56','2026-02-24 23:47:56'),(17155,'31392','MARCOS ANTHONY HUAMAN SOLANO','74777296','M',1,'2026-02-24 23:48:33','2026-02-24 23:48:33'),(17156,'12093','JESUS ALBERTO SOSA CHERO','03675785','M',1,'2026-02-24 23:49:13','2026-02-24 23:49:13'),(17157,'28989','SIGNI LOHANA FLORES VALDIVIEZO','76134332','F',1,'2026-02-24 23:49:45','2026-02-24 23:49:45'),(17158,'34504','ROSA ELIZABETH ESPINOZA CRUZ','40628195','F',1,'2026-02-24 23:50:33','2026-02-24 23:50:33'),(17159,'08053','ELMO CASTILLO CHUQUIHUANGA','48278667','M',1,'2026-02-25 00:42:23','2026-02-25 00:42:23'),(17160,'00455','JOSE RICARDO ATOCHE CALERO','45060152','M',1,'2026-02-25 00:45:49','2026-02-25 00:45:49'),(17161,'26752','MIGUEL ANGEL IPANAQUE MORE','77326085','M',1,'2026-02-25 00:45:54','2026-02-25 00:45:54'),(17162,'00736','ARCESIO TRONCOS CANGO','03493597','M',1,'2026-02-25 00:46:18','2026-02-25 00:46:18'),(17163,'19552','ANDERSON DANIEL TRONCOS REYES','77919809','M',1,'2026-02-25 00:46:48','2026-02-25 00:46:48'),(17164,'01672','MARCO ANTONIO CARMEN SOTELO','45571415','M',1,'2026-02-25 00:48:12','2026-02-25 00:48:12'),(17165,'00032','JESUS ALBERTO CARMEN SOTELO','80264449','M',1,'2026-02-25 00:48:17','2026-02-25 00:48:17'),(17166,'00161','JORGE LUIS PULACHE CHUYES','40015610','M',1,'2026-02-25 00:48:49','2026-02-25 00:48:49'),(17167,'22130','JEAN CARLOS NAVARRO AQUINO','75052118','M',1,'2026-02-25 00:49:05','2026-02-25 00:49:05'),(17168,'04880','MARCO ANTONIO ALAMA CORDOVA','80263538','M',1,'2026-02-25 00:49:09','2026-02-25 00:49:09'),(17169,'15268','JERSON ANTONIO ANDRADE AREVALO','75121597','M',1,'2026-02-25 00:50:05','2026-02-25 00:50:05'),(17170,'22544','FRANKLIN ALBERTO SAGUMA MERINO','47200739','M',1,'2026-02-25 00:50:51','2026-02-25 00:50:51'),(17171,'00101','LUIS JUAREZ CARMEN','03670662','M',1,'2026-02-25 00:50:59','2026-02-25 00:50:59'),(17172,'00810','DEYVI ALEXANDER PULACHE DIAZ','47096624','M',1,'2026-02-25 00:52:36','2026-02-25 00:52:36'),(17173,'00159','CARLOS JAVIER PULACHE CHUYES','41821179','M',1,'2026-02-25 00:53:05','2026-02-25 00:53:05'),(17174,'31582','JHON ALEX CORONADO PULACHE','73698751','M',1,'2026-02-25 00:53:09','2026-02-25 00:53:09'),(17175,'00207','CARLOS ENRIQUE TINEO NAVARRO','45238824','M',1,'2026-02-25 00:53:13','2026-02-25 00:53:13'),(17176,'00050','ALEJANDRO CORONADO ORDINOLA','03491936','M',1,'2026-02-25 00:55:03','2026-02-25 00:55:03'),(17177,'11280','JESUS JEAN CARLOS PANTA PULACHE','46744834','M',1,'2026-02-25 00:56:16','2026-02-25 00:56:16'),(17178,'00914','JULIO CESAR SIANCAS GIRON','46506970','M',1,'2026-02-25 00:58:44','2026-02-25 00:58:44'),(17179,'03223','AMILTON ARICA LOPEZ','43270974','M',1,'2026-02-25 00:58:54','2026-02-25 00:58:54'),(17180,'00371','DARWIN JOEL PANTA PERALTA','44557395','M',1,'2026-02-25 01:00:43','2026-02-25 01:00:43'),(17181,'16079','JUAN JIMENEZ CRIOLLO','03671439','M',1,'2026-02-25 01:01:50','2026-02-25 01:01:50'),(17182,'00457','EDGAR JUAREZ JARAMILLO','41600864','M',1,'2026-02-25 01:06:06','2026-02-25 01:06:06'),(17183,'06526','DAVID ATOCHE PALACIOS','46519502','M',1,'2026-02-25 01:10:44','2026-02-25 01:10:44'),(17184,'34532','ANYELINA YOHANETH CORREA RIVERA','75445343','F',1,'2026-02-25 15:57:56','2026-02-25 15:57:56'),(17185,'30562','HENRRY PAUL IVAN RIVERA GENNELL','74657155','M',1,'2026-02-25 16:21:12','2026-02-25 16:21:12'),(17186,'21637','LIDIA DEL ROSARIO ALEJOS SANJINEZ','03662928','F',1,'2026-02-25 20:51:20','2026-02-25 20:51:20'),(17187,'29189','CESAR AUGUSTO VASQUEZ REYES','03589731','M',1,'2026-02-25 20:51:37','2026-02-25 20:51:37'),(17188,'03405','LUCILA DEL PILAR MENDOZA PULACHE','03691919','F',1,'2026-02-25 20:53:37','2026-02-25 20:53:37'),(17189,'08133','IRMA VIDAURRE TAVARA DE ORTIZ','03599143','F',1,'2026-02-25 23:23:23','2026-02-25 23:23:23'),(17190,'26808','ALEXANDRA OTERO ESPINOZA','48279853','F',1,'2026-02-25 23:24:01','2026-02-25 23:24:01'),(17191,'27431','JUDITH DEL CARMEN LLACSAHUANGA ACHA','77424025','F',1,'2026-02-25 23:24:26','2026-02-25 23:24:26'),(17192,'34600','VICTOR JESUS MADRID HERRERA','77229343','M',1,'2026-02-25 23:44:33','2026-02-25 23:44:33'),(17193,'34515','CHRISTIAN JEANDET CHINCHAY CAMPOS','71574735','M',1,'2026-02-25 23:49:31','2026-02-25 23:49:31'),(17194,'15104','LUIS GERARDO LEYTH MASIAS','48156404','M',1,'2026-02-25 23:50:07','2026-02-25 23:50:07'),(17195,'33752','KLARISVET JAMELLY SAAVEDRA MENDOZA','60913385','F',1,'2026-02-25 23:55:34','2026-02-25 23:55:34'),(17196,'29236','DAYANA JANET YOVERA FLORES','75715019','F',1,'2026-02-26 00:03:16','2026-02-26 00:03:16'),(17197,'33732','JULIANA PATRICIA ZAPATA VALDEZ','76134951','F',1,'2026-02-26 00:03:43','2026-02-26 00:03:43'),(17198,'32564','JOSUE JONATHAN ORDINOLA SANCHEZ','62986229','M',1,'2026-02-26 00:11:26','2026-02-26 00:11:26'),(17199,'26755','LESLI DANITZA ROQUE CRUZ','75121306','F',1,'2026-02-26 00:13:28','2026-02-26 00:13:28'),(17200,'34673','HANS FABIAN TRELLES PLUCKER','75443510','M',1,'2026-02-26 00:16:48','2026-02-26 00:16:48'),(17201,'10388','JAIME PANTA GARCIA','03609632','M',1,'2026-02-26 00:17:23','2026-02-26 00:17:23'),(17202,'31892','JOSE ALBERTO TACCA ZEA','46564514','M',1,'2026-02-26 00:32:53','2026-02-26 00:32:53'),(17203,'23663','GUILLERMO EDWIN VARGAS RAMOS','78886657','M',1,'2026-02-26 00:33:43','2026-02-26 00:33:43'),(17204,'03043','KEVIN LEANDRO VEGA RODRIGUEZ','46424559','M',1,'2026-02-26 00:35:23','2026-02-26 00:35:23'),(17205,'09894','DARWYN JANCARLOS SIANCAS RAMOS','76503579','M',1,'2026-02-26 00:36:19','2026-02-26 00:36:19'),(17206,'33775','RICARDO CALDERON ABAD','47263144','M',1,'2026-02-26 00:36:43','2026-02-26 00:36:43'),(17207,'25520','YONY AARON OCHOA NAVARRO','74873127','M',1,'2026-02-26 00:38:56','2026-02-26 00:38:56'),(17208,'32907','ALAN HERRERA RAMOS','41037177','M',1,'2026-02-26 00:39:07','2026-02-26 00:39:07'),(17209,'22926','JHANMARCOS RAMOS ROA','74421041','M',1,'2026-02-26 00:39:16','2026-02-26 00:39:16'),(17210,'33038','DALILA NOEMI GUTIERREZ CARHUATOCTO','74880096','F',1,'2026-02-26 00:39:46','2026-02-26 00:39:46'),(17211,'31919','GUILLERMO MANUEL VILLALTA JIMENEZ','73454284','M',1,'2026-02-26 00:39:48','2026-02-26 00:39:48'),(17212,'32905','JHONATHAN URBINA RUIZ','48200441','M',1,'2026-02-26 00:39:58','2026-02-26 00:39:58'),(17213,'32909','AGUSTIN BRAYCOL CRUZ PULACHE','48659769','M',1,'2026-02-26 00:40:03','2026-02-26 00:40:03'),(17214,'30980','JOSE EDWIN FARFAN INFANTE','76828358','M',1,'2026-02-26 00:40:21','2026-02-26 00:40:21'),(17215,'22911','CARLOS ENRIQUE VICTORIANO GUTIERREZ','43553599','M',1,'2026-02-26 00:40:45','2026-02-26 00:40:45'),(17216,'20331','JHINN FRANK VARGAS NIEVES','46510041','M',1,'2026-02-26 00:40:53','2026-02-26 00:40:53'),(17217,'32899','SANTOS JAVIER PINTA ADRIANZEN','47758137','M',1,'2026-02-26 00:41:24','2026-02-26 00:41:24'),(17218,'28089','DEYSI AGUILAR CHUQUIRIMA','03685228','F',1,'2026-02-26 00:41:57','2026-02-26 00:41:57'),(17219,'33077','JOSE MANUEL CORONADO ZAPATA','60455955','M',1,'2026-02-26 00:42:01','2026-02-26 00:42:01'),(17220,'32904','ALEJANDRO OTERO CORREA','72893792','M',1,'2026-02-26 00:42:28','2026-02-26 00:42:28'),(17221,'25396','KEVIN AARON INGA VALVERDE','75794906','M',1,'2026-02-26 00:42:32','2026-02-26 00:42:32'),(17222,'33268','RENATO JOSUE PALACIOS RAMIREZ','75754658','M',1,'2026-02-26 00:42:35','2026-02-26 00:42:35'),(17223,'28083','SAMUEL EFRAIN REQUENA ALVARADO','75758662','M',1,'2026-02-26 00:43:04','2026-02-26 00:43:04'),(17224,'32908','JORGE VICTORIANO GUTIERREZ','41192932','M',1,'2026-02-26 00:43:59','2026-02-26 00:43:59'),(17225,'28544','JOSE ENRIQUE PULACHE DIAZ','03686246','M',1,'2026-02-26 00:44:31','2026-02-26 00:44:31'),(17226,'31662','LESLIE DAYANA PACHERRES DOMADOR','74600170','F',1,'2026-02-26 00:46:47','2026-02-26 00:46:47'),(17227,'34557','CRISMARY ADONAY PACHERRES DOMADOR','61183504','M',1,'2026-02-26 00:47:25','2026-02-26 00:47:25'),(17228,'25927','MARCO ADRIAN FLORES VICTORIANO','75754651','M',1,'2026-02-26 00:50:12','2026-02-26 00:50:12'),(17229,'33835','FERNANDO RAFAEL VILLALTA BRAVO','41421115','M',1,'2026-02-26 00:51:36','2026-02-26 00:51:36'),(17230,'33109','MIGUEL ALEXIS RAMOS NAVARRO','76062769','M',1,'2026-02-26 00:51:44','2026-02-26 00:51:44'),(17231,'30877','JONATHAN PAUL AVALO VIERA','75021112','M',1,'2026-02-26 00:51:49','2026-02-26 00:51:49'),(17232,'29439','MARCOS REY MORE MARTINEZ','42897800','M',1,'2026-02-26 00:51:52','2026-02-26 00:51:52'),(17233,'34568','CARLOS LEONARDO GARCIA JUAREZ','75500697','M',1,'2026-02-26 00:52:00','2026-02-26 00:52:00'),(17234,'28243','JOSE ANTONIO MORE MARTINEZ','03672202','M',1,'2026-02-26 00:52:04','2026-02-26 00:52:04'),(17235,'29458','CESAR AUGUSTO DIAZ ADRIANZEN','76606857','M',1,'2026-02-26 00:52:15','2026-02-26 00:52:15'),(17236,'32886','RONALD ALDAIR TELLO CASTILLO','48697332','M',1,'2026-02-26 00:52:19','2026-02-26 00:52:19'),(17237,'30162','WUILBER MADRID MORALES','46608913','M',1,'2026-02-26 00:52:48','2026-02-26 00:52:48'),(17238,'29444','DARWIN MADRID MORALES','45667540','M',1,'2026-02-26 00:52:51','2026-02-26 00:52:51'),(17239,'32889','DARY DARIO SILUPU GONZALES','74967981','M',1,'2026-02-26 00:53:07','2026-02-26 00:53:07'),(17240,'33925','DAVID IVAN AVILA PACHERREZ','48688631','M',1,'2026-02-26 00:53:22','2026-02-26 00:53:22'),(17241,'33978','CRISTHIAN BRAYAN MARTINEZ AGUILAR','76165754','M',1,'2026-02-26 00:53:26','2026-02-26 00:53:26'),(17242,'31666','LUIS ALBERTO ZAPATA CRUZ','03680754','M',1,'2026-02-26 00:53:53','2026-02-26 00:53:53'),(17243,'09159','EDEN EDU PARDO ABAD','47263157','M',1,'2026-02-26 00:57:18','2026-02-26 00:57:18'),(17244,'02035','MARLON FABIAN SEMINARIO RAMOS','43123414','M',1,'2026-02-26 00:59:38','2026-02-26 00:59:38'),(17245,'28438','LUIS ENRIQUE PULACHE JUAREZ','75561763','M',1,'2026-02-26 00:59:50','2026-02-26 00:59:50'),(17246,'30158','CARLOS ALBERTO GARCIA CASTILLO','03674949','M',1,'2026-02-26 01:01:16','2026-02-26 01:01:16'),(17247,'01754','OMAR PAUL OGOÑA CHAVEZ','47203294','M',1,'2026-02-26 01:03:14','2026-02-26 01:03:14'),(17248,'20477','JESUS MARTIN MONTENEGRO YAMUNAQUE','70043271','M',1,'2026-02-26 01:04:45','2026-02-26 01:04:45'),(17249,'19739','OSCAR VIZUETA GOMEZ','77274869','M',1,'2026-02-26 01:04:55','2026-02-26 01:04:55'),(17250,'34147','JOSE LUIS ANTON VALVERDE','61041922','M',1,'2026-02-26 01:05:07','2026-02-26 01:05:07'),(17251,'24029','JESUS DAVID MENDIVES APARICIO','63475628','M',1,'2026-02-26 01:07:05','2026-02-26 01:07:05'),(17252,'33512','CARLOS GENARO MERINO ALBAN','44594445','M',1,'2026-02-26 11:07:53','2026-02-26 11:07:53'),(17253,'34623','JAROL ALDAIR RAYMUNDO INGA','77878990','M',1,'2026-02-26 11:08:25','2026-02-26 11:08:25'),(17254,'34567','DEYBER MIJAHUANGA ABAD','61040691','M',1,'2026-02-26 11:09:18','2026-02-26 11:09:18'),(17255,'34586','JEFFERSON ALDAIR SIANCAS JUAREZ','74095483','M',1,'2026-02-26 11:10:05','2026-02-26 11:10:05'),(17256,'06792','WILFREDO VALLADARES CESPEDES','03633367','M',1,'2026-02-26 11:10:42','2026-02-26 11:10:42'),(17257,'34573','JUAN JESUS MURGUIA RIVERA','75106278','M',1,'2026-02-26 11:11:39','2026-02-26 11:11:39'),(17258,'32154','YESSI MARISOL MANUEL GARCIA','73595918','M',1,'2026-02-26 11:11:58','2026-02-26 11:11:58'),(17259,'25929','PABLO RIVAS BRUNO','03565425','M',1,'2026-02-26 11:12:39','2026-02-26 11:12:39'),(17260,'27909','JHONNY CHARLY SUAREZ PULACHE','03660500','M',1,'2026-02-26 11:12:56','2026-02-26 11:12:56'),(17261,'30572','KIRBY HURTADO SAAVEDRA','40974277','M',1,'2026-02-26 11:13:11','2026-02-26 11:13:11'),(17262,'33513','RAMON MIÑAN CARMEN','80313746','M',1,'2026-02-26 11:13:36','2026-02-26 11:13:36'),(17263,'31401','CARLOS ENRIQUE CHERO MENDOZA','70046815','M',1,'2026-02-26 11:14:18','2026-02-26 11:14:18'),(17264,'07478','NANCY VIOLETA AGUILAR CORREA DE LUPUCHE','03658969','F',1,'2026-02-26 11:15:33','2026-02-26 11:15:33'),(17265,'22545','MILKA PRISCILA GIRON OCAMPO','75020236','F',1,'2026-02-26 11:16:42','2026-02-26 11:16:42'),(17266,'12006','JULIA CHERO DURAND','03691135','F',1,'2026-02-26 12:13:10','2026-02-26 12:13:10');
/*!40000 ALTER TABLE `trabajadores` ENABLE KEYS */;
UNLOCK TABLES;

--
-- Table structure for table `trabajo_avance_cuadrillas`
--

DROP TABLE IF EXISTS `trabajo_avance_cuadrillas`;
/*!40101 SET @saved_cs_client     = @@character_set_client */;
/*!50503 SET character_set_client = utf8mb4 */;
CREATE TABLE `trabajo_avance_cuadrillas` (
  `id` int NOT NULL AUTO_INCREMENT,
  `reporte_id` int NOT NULL,
  `tipo` enum('RECEPCION','FILETEADO','APOYO_RECEPCION') CHARACTER SET utf8mb4 COLLATE utf8mb4_unicode_ci NOT NULL,
  `nombre` varchar(100) CHARACTER SET utf8mb4 COLLATE utf8mb4_unicode_ci NOT NULL,
  `hora_inicio` time DEFAULT NULL,
  `hora_fin` time DEFAULT NULL,
  `produccion_kg` decimal(10,2) DEFAULT '0.00',
  `apoyo_de_cuadrilla_id` int DEFAULT NULL,
  `creado_en` timestamp NULL DEFAULT CURRENT_TIMESTAMP,
  `actualizado_en` timestamp NULL DEFAULT CURRENT_TIMESTAMP ON UPDATE CURRENT_TIMESTAMP,
  `apoyo_scope` enum('GLOBAL','CUADRILLA') CHARACTER SET utf8mb4 COLLATE utf8mb4_unicode_ci DEFAULT NULL,
  PRIMARY KEY (`id`),
  KEY `idx_reporte` (`reporte_id`),
  KEY `idx_tipo` (`tipo`),
  KEY `fk_ta_apoyo` (`apoyo_de_cuadrilla_id`),
  CONSTRAINT `fk_ta_apoyo` FOREIGN KEY (`apoyo_de_cuadrilla_id`) REFERENCES `trabajo_avance_cuadrillas` (`id`) ON DELETE SET NULL,
  CONSTRAINT `fk_ta_reporte` FOREIGN KEY (`reporte_id`) REFERENCES `reportes` (`id`) ON DELETE CASCADE
) ENGINE=InnoDB AUTO_INCREMENT=58 DEFAULT CHARSET=utf8mb4 COLLATE=utf8mb4_unicode_ci;
/*!40101 SET character_set_client = @saved_cs_client */;

--
-- Dumping data for table `trabajo_avance_cuadrillas`
--

LOCK TABLES `trabajo_avance_cuadrillas` WRITE;
/*!40000 ALTER TABLE `trabajo_avance_cuadrillas` DISABLE KEYS */;
INSERT INTO `trabajo_avance_cuadrillas` VALUES (44,142,'RECEPCION','jskska',NULL,NULL,0.00,NULL,'2026-02-18 19:46:29','2026-02-18 19:46:29',NULL),(45,144,'RECEPCION','fdd',NULL,NULL,0.00,NULL,'2026-02-19 14:28:04','2026-02-19 14:28:04',NULL),(46,152,'RECEPCION','cheque',NULL,NULL,0.00,NULL,'2026-02-24 00:49:21','2026-02-24 00:49:21',NULL),(47,152,'FILETEADO','koky',NULL,NULL,0.00,NULL,'2026-02-24 00:49:26','2026-02-24 00:49:26',NULL),(48,155,'RECEPCION','macario',NULL,NULL,0.00,NULL,'2026-02-25 00:42:15','2026-02-25 00:42:15',NULL),(49,155,'FILETEADO','caras',NULL,NULL,0.00,NULL,'2026-02-25 00:42:19','2026-02-25 00:42:19',NULL),(50,163,'RECEPCION','rtjre','06:24:00',NULL,0.00,NULL,'2026-02-25 16:24:09','2026-02-25 16:24:31',NULL),(51,163,'FILETEADO','ery',NULL,NULL,0.00,NULL,'2026-02-25 16:24:37','2026-02-25 16:24:37',NULL),(52,163,'APOYO_RECEPCION','dggg',NULL,NULL,0.00,NULL,'2026-02-25 16:24:46','2026-02-25 16:24:46','GLOBAL'),(53,170,'APOYO_RECEPCION','apoyos de recepción','19:20:00',NULL,0.00,NULL,'2026-02-25 23:50:02','2026-02-26 01:20:50','GLOBAL'),(54,170,'RECEPCION','Tony','20:20:00','05:45:00',0.00,NULL,'2026-02-25 23:51:59','2026-02-26 10:46:13',NULL),(55,170,'FILETEADO','Tupac','20:20:00','06:30:00',64466.00,NULL,'2026-02-25 23:52:04','2026-02-26 13:01:48',NULL),(56,170,'RECEPCION','Misterio','20:20:00','05:30:00',0.00,NULL,'2026-02-25 23:52:12','2026-02-26 10:46:31',NULL),(57,170,'FILETEADO','Bruce','20:20:00','06:30:00',70288.00,NULL,'2026-02-25 23:52:18','2026-02-26 13:01:37',NULL);
/*!40000 ALTER TABLE `trabajo_avance_cuadrillas` ENABLE KEYS */;
UNLOCK TABLES;

--
-- Table structure for table `trabajo_avance_trabajadores`
--

DROP TABLE IF EXISTS `trabajo_avance_trabajadores`;
/*!40101 SET @saved_cs_client     = @@character_set_client */;
/*!50503 SET character_set_client = utf8mb4 */;
CREATE TABLE `trabajo_avance_trabajadores` (
  `id` int NOT NULL AUTO_INCREMENT,
  `cuadrilla_id` int NOT NULL,
  `trabajador_codigo` varchar(50) CHARACTER SET utf8mb4 COLLATE utf8mb4_unicode_ci NOT NULL,
  `trabajador_nombre` varchar(120) CHARACTER SET utf8mb4 COLLATE utf8mb4_unicode_ci DEFAULT NULL,
  `kg` decimal(10,2) DEFAULT NULL,
  `creado_en` timestamp NULL DEFAULT CURRENT_TIMESTAMP,
  PRIMARY KEY (`id`),
  UNIQUE KEY `uk_cuadrilla_codigo` (`cuadrilla_id`,`trabajador_codigo`),
  KEY `idx_cuadrilla` (`cuadrilla_id`),
  CONSTRAINT `fk_ta_cuadrilla` FOREIGN KEY (`cuadrilla_id`) REFERENCES `trabajo_avance_cuadrillas` (`id`) ON DELETE CASCADE
) ENGINE=InnoDB AUTO_INCREMENT=263 DEFAULT CHARSET=utf8mb4 COLLATE=utf8mb4_unicode_ci;
/*!40101 SET character_set_client = @saved_cs_client */;

--
-- Dumping data for table `trabajo_avance_trabajadores`
--

LOCK TABLES `trabajo_avance_trabajadores` WRITE;
/*!40000 ALTER TABLE `trabajo_avance_trabajadores` DISABLE KEYS */;
INSERT INTO `trabajo_avance_trabajadores` VALUES (158,45,'29538','YORBY NOEL CORREA PACHERRES',NULL,'2026-02-19 20:35:11'),(159,47,'29449','JIM KEVIN HUERTAS AGUILAR',NULL,'2026-02-24 00:49:32'),(160,46,'11266','EDINSON MOISES SOSA TINEO',NULL,'2026-02-24 01:05:24'),(161,47,'08758','MANUEL HILDEBRANDO CUMBICUS GARCIA',NULL,'2026-02-24 01:10:48'),(162,47,'24466','DUBER ANTHONY ATOCHE FLOREANO',NULL,'2026-02-24 01:10:56'),(163,47,'20911','ALEX ROMERO CUNYARACHE',NULL,'2026-02-24 01:11:01'),(164,47,'09119','JOSE FAUSTINO MARIÑAS CARRASCO',NULL,'2026-02-24 01:11:05'),(165,47,'12599','PEDRO MANCHAY PEÑA',NULL,'2026-02-24 01:11:09'),(166,47,'23849','CARLOS CRISTHOFER BERRU VELIZ',NULL,'2026-02-24 01:11:12'),(167,47,'19394','KEVIN OCTONIER CASTILLO CAMACHO',NULL,'2026-02-24 01:11:15'),(168,47,'09274','JOSE LUIS URBINA GUTIERREZ',NULL,'2026-02-24 01:11:18'),(169,47,'06654','YECKLI GUARNIZO YANAYACO',NULL,'2026-02-24 01:11:23'),(170,47,'23694','ISAI CASTILLO CAMACHO',NULL,'2026-02-24 01:11:46'),(171,47,'34664','EDDY JOSETH RUIZ RIVERA',NULL,'2026-02-24 01:11:54'),(172,47,'22497','CRISTHIAN JERSON CARRANZA RAMOS',NULL,'2026-02-24 01:12:08'),(173,47,'04575','JORGE LUIS PANTA PERALTA',NULL,'2026-02-24 01:12:53'),(174,47,'21562','EDWIN YOQSAN PAUCAR JIMENEZ',NULL,'2026-02-24 01:13:03'),(175,46,'04527','JULIO CESAR AGUILAR RUGEL',NULL,'2026-02-24 01:13:29'),(176,46,'00488','EXEQUIEL SANTOS LAZO',NULL,'2026-02-24 01:13:58'),(177,47,'13109','WALTER RUBEN CARRANZA GARCIA',NULL,'2026-02-24 01:14:45'),(178,47,'04576','CARLOS MARTIN PANTA PACHERRES',NULL,'2026-02-24 01:14:51'),(179,47,'15265','JUAN CARLOS PEÑA IPANAQUE',NULL,'2026-02-24 01:15:17'),(180,47,'20915','CESAR RAFAEL ZAPATA HERRERA',NULL,'2026-02-24 01:17:13'),(181,49,'08053','ELMO CASTILLO CHUQUIHUANGA',NULL,'2026-02-25 00:42:23'),(182,48,'00455','JOSE RICARDO ATOCHE CALERO',NULL,'2026-02-25 00:45:49'),(183,48,'26752','MIGUEL ANGEL IPANAQUE MORE',NULL,'2026-02-25 00:45:54'),(184,49,'00736','ARCESIO TRONCOS CANGO',NULL,'2026-02-25 00:46:18'),(185,49,'19552','ANDERSON DANIEL TRONCOS REYES',NULL,'2026-02-25 00:46:48'),(186,49,'01672','MARCO ANTONIO CARMEN SOTELO',NULL,'2026-02-25 00:48:12'),(187,49,'00032','JESUS ALBERTO CARMEN SOTELO',NULL,'2026-02-25 00:48:17'),(188,49,'00161','JORGE LUIS PULACHE CHUYES',NULL,'2026-02-25 00:48:49'),(189,49,'22130','JEAN CARLOS NAVARRO AQUINO',NULL,'2026-02-25 00:49:05'),(190,49,'04880','MARCO ANTONIO ALAMA CORDOVA',NULL,'2026-02-25 00:49:09'),(191,49,'15268','JERSON ANTONIO ANDRADE AREVALO',NULL,'2026-02-25 00:50:05'),(193,49,'00101','LUIS JUAREZ CARMEN',NULL,'2026-02-25 00:50:59'),(194,48,'22544','FRANKLIN ALBERTO SAGUMA MERINO',NULL,'2026-02-25 00:51:56'),(195,49,'00810','DEYVI ALEXANDER PULACHE DIAZ',NULL,'2026-02-25 00:52:36'),(196,49,'00159','CARLOS JAVIER PULACHE CHUYES',NULL,'2026-02-25 00:53:05'),(197,49,'31582','JHON ALEX CORONADO PULACHE',NULL,'2026-02-25 00:53:09'),(198,49,'00207','CARLOS ENRIQUE TINEO NAVARRO',NULL,'2026-02-25 00:53:13'),(199,49,'00050','ALEJANDRO CORONADO ORDINOLA',NULL,'2026-02-25 00:55:03'),(200,49,'11280','JESUS JEAN CARLOS PANTA PULACHE',NULL,'2026-02-25 00:56:16'),(201,49,'00914','JULIO CESAR SIANCAS GIRON',NULL,'2026-02-25 00:58:44'),(202,48,'03223','AMILTON ARICA LOPEZ',NULL,'2026-02-25 00:58:54'),(203,49,'00371','DARWIN JOEL PANTA PERALTA',NULL,'2026-02-25 01:00:43'),(204,49,'16079','JUAN JIMENEZ CRIOLLO',NULL,'2026-02-25 01:01:50'),(205,49,'00457','EDGAR JUAREZ JARAMILLO',NULL,'2026-02-25 01:06:06'),(206,49,'06526','DAVID ATOCHE PALACIOS',NULL,'2026-02-25 01:10:44'),(207,50,'30562','HENRRY PAUL IVAN RIVERA GENNELL',NULL,'2026-02-25 16:24:15'),(208,53,'15104','LUIS GERARDO LEYTH MASIAS',NULL,'2026-02-25 23:50:07'),(209,53,'10388','JAIME PANTA GARCIA',NULL,'2026-02-26 00:17:23'),(210,57,'12599','PEDRO MANCHAY PEÑA',NULL,'2026-02-26 00:32:49'),(211,57,'31892','JOSE ALBERTO TACCA ZEA',NULL,'2026-02-26 00:32:53'),(212,54,'11266','EDINSON MOISES SOSA TINEO',NULL,'2026-02-26 00:33:05'),(213,54,'03223','AMILTON ARICA LOPEZ',NULL,'2026-02-26 00:33:20'),(214,57,'23663','GUILLERMO EDWIN VARGAS RAMOS',NULL,'2026-02-26 00:33:43'),(215,53,'03043','KEVIN LEANDRO VEGA RODRIGUEZ',NULL,'2026-02-26 00:35:23'),(216,54,'04527','JULIO CESAR AGUILAR RUGEL',NULL,'2026-02-26 00:36:05'),(217,55,'09894','DARWYN JANCARLOS SIANCAS RAMOS',NULL,'2026-02-26 00:36:20'),(218,54,'33775','RICARDO CALDERON ABAD',NULL,'2026-02-26 00:36:43'),(219,57,'25520','YONY AARON OCHOA NAVARRO',NULL,'2026-02-26 00:38:56'),(220,57,'32907','ALAN HERRERA RAMOS',NULL,'2026-02-26 00:39:07'),(221,57,'22926','JHANMARCOS RAMOS ROA',NULL,'2026-02-26 00:39:16'),(222,57,'24466','DUBER ANTHONY ATOCHE FLOREANO',NULL,'2026-02-26 00:39:28'),(223,55,'31919','GUILLERMO MANUEL VILLALTA JIMENEZ',NULL,'2026-02-26 00:39:48'),(224,57,'32905','JHONATHAN URBINA RUIZ',NULL,'2026-02-26 00:39:58'),(225,57,'32909','AGUSTIN BRAYCOL CRUZ PULACHE',NULL,'2026-02-26 00:40:03'),(226,55,'30980','JOSE EDWIN FARFAN INFANTE',NULL,'2026-02-26 00:40:21'),(227,57,'22911','CARLOS ENRIQUE VICTORIANO GUTIERREZ',NULL,'2026-02-26 00:40:45'),(228,57,'20331','JHINN FRANK VARGAS NIEVES',NULL,'2026-02-26 00:40:53'),(229,55,'32899','SANTOS JAVIER PINTA ADRIANZEN',NULL,'2026-02-26 00:41:25'),(230,57,'28089','DEYSI AGUILAR CHUQUIRIMA',NULL,'2026-02-26 00:41:57'),(231,57,'33077','JOSE MANUEL CORONADO ZAPATA',NULL,'2026-02-26 00:42:01'),(232,57,'32904','ALEJANDRO OTERO CORREA',NULL,'2026-02-26 00:42:28'),(233,57,'25396','KEVIN AARON INGA VALVERDE',NULL,'2026-02-26 00:42:32'),(234,57,'33268','RENATO JOSUE PALACIOS RAMIREZ',NULL,'2026-02-26 00:42:35'),(235,57,'28083','SAMUEL EFRAIN REQUENA ALVARADO',NULL,'2026-02-26 00:43:04'),(236,57,'32908','JORGE VICTORIANO GUTIERREZ',NULL,'2026-02-26 00:43:59'),(237,57,'28544','JOSE ENRIQUE PULACHE DIAZ',NULL,'2026-02-26 00:44:31'),(238,57,'25927','MARCO ADRIAN FLORES VICTORIANO',NULL,'2026-02-26 00:50:12'),(239,55,'33835','FERNANDO RAFAEL VILLALTA BRAVO',NULL,'2026-02-26 00:51:36'),(240,55,'33109','MIGUEL ALEXIS RAMOS NAVARRO',NULL,'2026-02-26 00:51:44'),(241,55,'30877','JONATHAN PAUL AVALO VIERA',NULL,'2026-02-26 00:51:49'),(242,55,'29439','MARCOS REY MORE MARTINEZ',NULL,'2026-02-26 00:51:53'),(243,55,'11280','JESUS JEAN CARLOS PANTA PULACHE',NULL,'2026-02-26 00:51:57'),(244,55,'34568','CARLOS LEONARDO GARCIA JUAREZ',NULL,'2026-02-26 00:52:00'),(245,55,'28243','JOSE ANTONIO MORE MARTINEZ',NULL,'2026-02-26 00:52:04'),(246,55,'29458','CESAR AUGUSTO DIAZ ADRIANZEN',NULL,'2026-02-26 00:52:15'),(247,55,'32886','RONALD ALDAIR TELLO CASTILLO',NULL,'2026-02-26 00:52:19'),(248,55,'30162','WUILBER MADRID MORALES',NULL,'2026-02-26 00:52:48'),(249,55,'29444','DARWIN MADRID MORALES',NULL,'2026-02-26 00:52:51'),(250,55,'32889','DARY DARIO SILUPU GONZALES',NULL,'2026-02-26 00:53:07'),(251,55,'33925','DAVID IVAN AVILA PACHERREZ',NULL,'2026-02-26 00:53:22'),(252,55,'33978','CRISTHIAN BRAYAN MARTINEZ AGUILAR',NULL,'2026-02-26 00:53:26'),(253,55,'31666','LUIS ALBERTO ZAPATA CRUZ',NULL,'2026-02-26 00:53:53'),(254,57,'09159','EDEN EDU PARDO ABAD',NULL,'2026-02-26 00:57:18'),(255,55,'02035','MARLON FABIAN SEMINARIO RAMOS',NULL,'2026-02-26 00:59:38'),(256,57,'28438','LUIS ENRIQUE PULACHE JUAREZ',NULL,'2026-02-26 00:59:50'),(257,55,'30158','CARLOS ALBERTO GARCIA CASTILLO',NULL,'2026-02-26 01:01:16'),(258,55,'01754','OMAR PAUL OGOÑA CHAVEZ',NULL,'2026-02-26 01:03:14'),(259,56,'20477','JESUS MARTIN MONTENEGRO YAMUNAQUE',NULL,'2026-02-26 01:04:45'),(260,56,'19739','OSCAR VIZUETA GOMEZ',NULL,'2026-02-26 01:04:55'),(261,56,'34147','JOSE LUIS ANTON VALVERDE',NULL,'2026-02-26 01:05:07'),(262,56,'24029','JESUS DAVID MENDIVES APARICIO',NULL,'2026-02-26 01:07:05');
/*!40000 ALTER TABLE `trabajo_avance_trabajadores` ENABLE KEYS */;
UNLOCK TABLES;

--
-- Table structure for table `user_roles`
--

DROP TABLE IF EXISTS `user_roles`;
/*!40101 SET @saved_cs_client     = @@character_set_client */;
/*!50503 SET character_set_client = utf8mb4 */;
CREATE TABLE `user_roles` (
  `user_id` int NOT NULL,
  `role_id` int NOT NULL,
  PRIMARY KEY (`user_id`,`role_id`),
  KEY `role_id` (`role_id`),
  CONSTRAINT `user_roles_ibfk_1` FOREIGN KEY (`user_id`) REFERENCES `users` (`id`) ON DELETE CASCADE,
  CONSTRAINT `user_roles_ibfk_2` FOREIGN KEY (`role_id`) REFERENCES `roles` (`id`) ON DELETE CASCADE
) ENGINE=InnoDB DEFAULT CHARSET=utf8mb4 COLLATE=utf8mb4_unicode_ci;
/*!40101 SET character_set_client = @saved_cs_client */;

--
-- Dumping data for table `user_roles`
--

LOCK TABLES `user_roles` WRITE;
/*!40000 ALTER TABLE `user_roles` DISABLE KEYS */;
INSERT INTO `user_roles` VALUES (11,1),(12,1),(13,1),(9,2),(10,2),(1,3),(14,3);
/*!40000 ALTER TABLE `user_roles` ENABLE KEYS */;
UNLOCK TABLES;

--
-- Table structure for table `users`
--

DROP TABLE IF EXISTS `users`;
/*!40101 SET @saved_cs_client     = @@character_set_client */;
/*!50503 SET character_set_client = utf8mb4 */;
CREATE TABLE `users` (
  `id` int NOT NULL AUTO_INCREMENT,
  `username` varchar(30) CHARACTER SET utf8mb4 COLLATE utf8mb4_unicode_ci NOT NULL,
  `password_hash` varchar(255) CHARACTER SET utf8mb4 COLLATE utf8mb4_unicode_ci NOT NULL,
  `nombre` varchar(100) CHARACTER SET utf8mb4 COLLATE utf8mb4_unicode_ci NOT NULL,
  `activo` tinyint(1) DEFAULT (1),
  `creado_en` timestamp NULL DEFAULT CURRENT_TIMESTAMP,
  PRIMARY KEY (`id`),
  UNIQUE KEY `username` (`username`)
) ENGINE=InnoDB AUTO_INCREMENT=15 DEFAULT CHARSET=utf8mb4 COLLATE=utf8mb4_unicode_ci;
/*!40101 SET character_set_client = @saved_cs_client */;

--
-- Dumping data for table `users`
--

LOCK TABLES `users` WRITE;
/*!40000 ALTER TABLE `users` DISABLE KEYS */;
INSERT INTO `users` VALUES (1,'admin','$2a$10$pYRtKQyzJqeZqW900dxpcOVuKq5Wf4labF2li.1E9jKfIfvY8m0RK','Yorby Correa Pacherres',1,'2026-02-18 14:29:00'),(9,'62288521','$2b$10$MjDZTo/2mV3S6VE0tUbdmOjJkOHUs9X8c8W60sVZV7KqwabXChpp6','Melissa Serna Flores',1,'2026-02-18 17:01:01'),(10,'74657155','$2b$10$Yjt.bng3s2KNxEt7H0qh/eVYLs5Ie2jmMNazQUYNOEFtAYXrojcMK','Ivan Rivera Genell',1,'2026-02-18 17:05:25'),(11,'42093186','$2b$10$KnpGCAxTrwuTtPqCpEpUPO0z4YHaIZOfQya0K0ObrZBAWOokI77G6','Curay Floriano Luis Martin',1,'2026-02-18 17:08:41'),(12,'79136144','$2b$10$dCIiluPtgbxYRq.oA7PB1Oc69rzzJ0q4rITdx40akVMoR/MirCNYK','Nima Mendoza Ivan Alexander',1,'2026-02-18 17:10:13'),(13,'48750777','$2b$10$KrxdROQ2RcrrB3UWJYVnAOuxAKQ/nMxFSHFlF/vfrreRwDSGhDc8K','Cruz Ochoa Artemio',1,'2026-02-18 17:10:50'),(14,'03501117','$2b$10$3DOI4eamxiocYnbzS6fJ9u21YS3DyCDA/YXKow8WaHWsYmkrc2U7S','Rony Alban Agurto',1,'2026-02-19 21:14:50');
/*!40000 ALTER TABLE `users` ENABLE KEYS */;
UNLOCK TABLES;
/*!40103 SET TIME_ZONE=@OLD_TIME_ZONE */;

/*!40101 SET SQL_MODE=@OLD_SQL_MODE */;
/*!40014 SET FOREIGN_KEY_CHECKS=@OLD_FOREIGN_KEY_CHECKS */;
/*!40014 SET UNIQUE_CHECKS=@OLD_UNIQUE_CHECKS */;
/*!40101 SET CHARACTER_SET_CLIENT=@OLD_CHARACTER_SET_CLIENT */;
/*!40101 SET CHARACTER_SET_RESULTS=@OLD_CHARACTER_SET_RESULTS */;
/*!40101 SET COLLATION_CONNECTION=@OLD_COLLATION_CONNECTION */;
/*!40111 SET SQL_NOTES=@OLD_SQL_NOTES */;

-- Dump completed on 2026-02-26 11:11:18
